Gebiet;Altersstandardisierte Inzidenzrate;Fallzahl;Bevölkerung
Herzberg am Harz, Stadt;48,78;125;12.973
Göttingen, Stadt;37,84;687;118.474
Sickte, SG;41,13;79;10.472
Hann. Münden, Stadt;38,14;178;23.724
Elm-Asse, SG;40,56;143;18.403
Stadthagen, Stadt;44,16;195;22.091
Gleichen;36,17;64;8.887
Friedland;32,52;53;12.035
Bassum, Stadt;44,58;128;15.897
Lüchow-Gartow-Clenze (Wendland);36,74;215;27.911
Wilhelmshaven, Stadt;45,66;679;76.072
Wunstorf, Stadt;46,54;349;41.309
Wennigsen (Deister);44,40;118;14.025
Lachendorf, SG;42,70;91;12.657
Wathlingen, SG;43,60;110;15.574
Wolfsburg, Stadt;45,31;1.014;123.836
Flotwedel, SG;37,69;81;11.340
Baddeckenstedt, SG;40,43;83;10.474
Oderwald, SG;41,59;47;6.778
Jade-Ovelgönne;44,70;83;11.142
Söhlde;46,81;63;7.813
Saterland;49,00;98;13.550
Löningen, Stadt;53,90;116;13.347
Bovenden, Flecken;44,35;116;13.610
Obernkirchen, Stadt;43,53;78;9.263
Schellerten;50,19;77;7.994
Bad Lauterberg im Harz, Stadt;40,95;109;10.448
Garrel;46,47;85;14.832
Sarstedt, Stadt;42,41;144;19.174
Adelebsen, Flecken;41,61;51;6.353
Essen (Oldenburg);45,46;54;8.871
Bad Grund (Harz);49,32;86;8.428
Friesoythe, Stadt;58,39;179;22.116
Helmstedt-Nord-Elm;39,58;241;31.330
Schneverdingen-Neuenkirchen;44,25;207;24.363
Munster-Bispingen;44,46;164;21.516
Wallenhorst;44,54;180;23.010
Glandorf;43,47;42;6.656
Oldendorf-Himmelpforten, SG;37,35;111;18.176
Nordstemmen;42,48;94;12.105
Nordkehdingen, SG;54,16;87;7.343
Cloppenburg, Stadt;40,92;210;34.620
Hessisch Oldendorf, Stadt;44,70;159;18.172
Haren (Ems), Stadt;48,47;169;23.704
Emstek;32,85;54;12.013
Salzhemmendorf, Flecken;41,77;71;9.256
Hildesheim, Stadt;40,70;746;101.170
Haselünne, Stadt;46,32;110;12.869
Bösel;55,54;57;7.984
Emmerthal;55,62;109;9.859
Holle;48,71;63;7.076
Hameln, Stadt;44,77;501;57.024
Bad Pyrmont, Stadt;51,73;240;19.221
Harsum;55,01;107;11.442
Barßel;43,72;94;12.924
Coppenbrügge, Flecken;43,88;67;7.090
Wardenburg;49,97;138;15.981
Hude (Oldb);42,88;117;16.121
Hemmoor, SG;54,81;139;13.997
Freden-Sibbesse;41,87;98;10.573
Giesen;40,14;64;9.711
Bad Bentheim, Stadt;37,58;108;15.495
Hambergen, SG;41,08;90;11.810
Horneburg, SG;44,44;96;12.770
Lühe, SG;42,93;84;9.943
Harsefeld, SG;44,86;153;21.554
Fallingbostel-Wietzendorf;41,41;122;18.058
Wildeshausen, Stadt;51,36;162;19.804
Apensen, SG;50,62;69;9.246
Geeste;55,11;99;11.398
Fredenbeck, SG;49,02;108;12.779
Aerzen, Flecken;51,93;101;10.597
Bückeburg, Stadt;51,52;200;19.301
Bad Münder am Deister, Stadt;41,63;154;17.402
Ahlden-Rethem;47,39;94;11.514
Emsbüren;35,60;57;10.128
Melle, Stadt;36,18;296;46.366
Hagen im Bremischen;45,21;90;11.042
Wurster Nordseeküste;42,39;131;17.041
Hilter am Teutoburger Wald;42,16;66;10.333
Elze, Stadt;37,15;77;8.900
Hagen am Teutoburger Wald;38,87;92;13.470
Hasbergen;45,10;89;10.986
Diekholzen;42,83;57;6.453
Ostercappeln;55,21;86;9.670
Geestland, Stadt;42,22;256;30.884
Tarmstedt, SG;44,48;80;10.822
Zeven, SG;43,61;165;22.931
Sittensen, SG;39,22;70;11.124
Friedeburg;43,34;85;10.226
Sottrum, SG;48,77;119;14.621
Auetal;43,73;50;6.288
Hatten;41,38;100;14.105
Rhauderfehn;45,66;147;17.893
Großenkneten;40,00;91;15.424
Hankensbüttel, SG;47,22;76;9.026
Leer (Ostfriesland), Stadt;44,39;276;34.442
Isenbüttel, SG;44,71;112;15.409
Ganderkesee;42,09;252;31.127
Wiefelstede;49,16;131;15.966
Moormerland;45,80;179;23.340
Boldecker Land, SG;58,04;97;10.034
Brome, SG;44,55;118;16.203
Holzminden, Stadt;41,06;168;20.009
Westerstede, Stadt;40,68;158;22.639
Edewecht;43,25;155;22.124
Rastede;41,56;161;22.270
Bohmte;32,21;72;12.692
Bramsche, Stadt;41,23;217;31.578
Wiesmoor, Stadt;52,32;127;13.156
Bissendorf;45,46;124;14.533
Wesendorf, SG;52,83;116;14.496
Geestequelle, SG;36,16;44;6.407
Südbrookmerland;55,33;153;18.473
Salzhausen, SG;38,03;109;14.371
Selsingen, SG;48,23;73;9.585
Delmenhorst, Stadt;41,86;572;76.649
Tostedt, SG;44,08;197;26.383
Eschede-Unterlüß-Hermannsburg (Südheide);40,87;141;17.454
Meinersen, SG;39,94;133;20.410
Bothel, SG;44,47;60;8.245
Hollenstedt, SG;40,44;81;11.568
Papenteich, SG;38,97;156;24.233
Schwaförden-Siedenburg;40,04;84;11.379
Fintel, SG;36,26;54;7.511
Jesteburg, SG;38,65;94;11.120
Elbmarsch, SG;45,53;100;12.599
Hanstedt, SG;42,33;112;14.470
Georgsmarienhütte, Stadt;45,90;274;31.705
Lemförde-Rehden;49,10;120;14.411
Eystrup-Heemsen-Grafschaft Hoya;41,23;165;22.918
Lamstedt-Sietland-Land Hadeln;36,62;234;32.992
Steyerberg-Stolzenau-Landesbergen (Mittelweser);56,77;215;21.099
Dissen am Teutoburger Wald, Stadt;44,43;69;9.776
Norden, Stadt;41,18;231;24.973
Bad Zwischenahn;38,42;240;28.595
Großheide-Dornum;46,74;115;13.114
Apen;44,03;85;11.521
Norderney-Juist-Baltrum;40,32;62;8.136
Verden (Aller), Stadt;46,83;217;27.422
Weyhe;35,99;202;30.661
Bad Essen;39,98;114;15.535
Krummhörn;51,93;116;12.066
Bienenbuttel-Ebstorf-Bevensen;45,76;317;33.123
Ihlow;39,40;80;12.362
Ilsede;43,89;173;21.652
Hinte;59,70;78;7.085
Vechelde;43,59;128;17.156
Wendeburg;30,59;56;10.315
Belm;45,30;112;13.723
Wagenfeld;54,98;74;7.130
Bad Rothenfelde;42,35;80;8.123
Twistringen, Stadt;56,16;117;12.330
Leinebergland, SG;48,38;178;18.376
Bad Iburg, Stadt;47,43;97;10.638
Sulingen, Stadt;41,41;99;12.788
Bad Laer;56,83;85;9.210
Syke, Stadt;37,85;166;24.192
Stuhr;39,37;252;33.341
Elbtalaue, SG;38,13;173;20.843
Braunschweig, Stadt;45,01;1.896;249.103
Schwarmstedt, SG;54,75;124;12.757
Lengede;45,19;98;13.214
Peine, Stadt;42,45;385;49.647
Edemissen;44,23;100;12.395
Hohenhameln;52,37;83;9.212
Bad Harzburg, Stadt;36,89;209;21.821
Staufenberg;25,34;44;7.811
Celle, Stadt;42,02;547;69.407
Adendorf;41,86;87;10.775
Varel, Stadt;42,86;211;23.925
Zetel;48,94;114;11.767
Eschershausen-Stadtoldendorf, SG;45,74;156;15.626
Bockhorn;53,35;91;8.758
Twist;50,35;72;9.581
Kirchdorf, SG;48,97;60;7.319
Thedinghausen, SG;53,73;132;15.135
Barnstorf, SG;42,58;94;12.093
Boffzen, SG;34,82;54;6.760
Bruchhausen-Vilsen, SG;44,72;133;17.226
Hage, SG;45,97;110;11.129
Cremlingen;44,86;113;13.042
Worpswede;38,73;82;9.404
Salzgitter, Stadt;47,36;886;102.615
Brookmerland, SG;55,93;110;13.323
Papenburg, Stadt;41,85;233;36.995
Ritterhude;42,63;120;14.673
Schwanewede;37,80;150;20.237
Schortens, Stadt;45,59;180;20.393
Salzbergen;32,49;42;7.685
Sande;55,59;100;8.824
Visbek;50,96;67;9.763
Cuxhaven, Stadt;34,97;378;48.423
Sassenburg;41,88;73;11.581
Steinfeld (Oldenburg);23,82;35;10.025
Vechta, Stadt;44,24;196;32.285
Lohne (Oldenburg), Stadt;34,10;128;26.538
Osterholz-Scharmbeck, Stadt;36,53;191;30.266
Goldenstedt;43,40;55;9.748
Weser-Aue, SG;47,81;117;14.472
Lilienthal;37,24;136;19.151
Damme, Stadt;41,50;104;17.009
Grasberg;42,25;58;7.759
Bad-Sachsa-Walkenried;49,52;145;11.866
Rosengarten;45,08;102;13.504
Steimbke, SG;69,58;80;7.224
Uchte, SG;47,46;124;13.938
Lastrup-Cappeln;50,97;102;13.925
Lindern-Molbergen;55,34;100;13.464
Jever, Stadt;49,51;144;14.229
Gnarrenburg;45,61;62;9.191
Meppen, Stadt;43,67;260;35.086
Lingen (Ems), Stadt;47,78;423;53.975
Wietmarschen;39,59;69;12.121
Einbeck, Stadt;47,70;301;31.044
Neu Wulmstorf;38,04;143;21.136
Nörten-Hardenberg, Flecken;44,25;67;8.278
Northeim, Stadt;38,06;231;29.007
Uetze;38,27;145;20.175
Wedemark;43,94;235;29.412
Sehnde, Stadt;40,84;161;23.463
Moringen, Stadt;33,17;38;6.988
Springe, Stadt;48,58;282;28.816
Ronnenberg, Stadt;41,19;176;24.042
Katlenburg-Lindau;40,60;54;7.089
Seelze, Stadt;40,40;238;33.758
Hardegsen, Stadt;40,43;60;7.696
Kalefeld;33,02;48;6.368
Stadland;40,90;57;7.455
Nordenham, Stadt;38,23;195;26.234
Bremervörde, Stadt;38,49;138;18.627
Lemwerder;41,65;59;6.995
Butjadingen;42,12;57;6.110
Neustadt am Rübenberge, Stadt;41,06;337;44.177
Elsfleth, Stadt;48,41;71;9.094
Pattensen, Stadt;44,61;124;14.421
Königslutter am Elm, Stadt;50,16;141;15.770
Lehre;42,42;95;11.967
Langenhagen, Stadt;44,01;413;53.752
Dassel, Stadt;52,10;97;9.748
Lehrte, Stadt;46,71;358;43.812
Bad Gandersheim, Stadt;53,16;102;9.789
Nordhorn, Stadt;42,71;412;53.413
Laatzen, Stadt;39,96;322;41.174
Hemmingen, Stadt;46,35;171;18.827
Isernhagen;41,78;201;23.959
Dorpen-Rhede;44,98;147;20.898
Westoverledingen;43,74;142;20.847
Garbsen, Stadt;40,61;478;60.728
Uplengen;32,03;65;11.750
Gehrden, Stadt;43,66;122;14.844
Weener, Stadt;54,86;136;15.698
Burgdorf, Stadt;45,52;253;30.411
Burgwedel, Stadt;36,10;156;20.372
Gifhorn, Stadt;46,75;352;42.325
Berne;45,86;52;6.839
Brake (Unterweser), Stadt;49,60;144;15.017
Buchholz in der Nordheide, Stadt;41,39;311;39.172
Harpstedt-Dötlingen;43,50;139;17.037
Rosche, SG;45,94;60;6.712
Bevern-Polle-Bodenwerder;52,79;231;20.802
Wittmund, Stadt;43,22;172;20.439
Hannover, Landeshauptstadt;42,91;3.594;532.468
Barsinghausen, Stadt;44,88;299;33.954
Esens-Langeoog-Spiekeroog;38,60;134;16.925
Aue, SG;41,31;106;12.501
Bockenem, Stadt;41,44;89;9.791
Suderburg, SG;43,76;55;6.836
Bad Salzdetfurth, Stadt;50,01;122;13.250
Schoningen-Heeseberg;37,52;120;15.144
Velpke-Grasleben;44,17;135;17.201
Ostrhauderfehn-Jumme;46,91;141;17.790
Bunde-Jemgum-Borkum;48,92;142;11.249
Algermissen;45,46;70;7.885
Alfeld (Leine), Stadt;43,45;180;18.829
Hattorf am Harz, SG;44,69;69;7.286
Radolfshausen, SG;35,16;46;7.195
Beverstedt;37,16;90;13.545
Dransfeld, SG;40,66;71;9.299
Gieboldehausen, SG;41,82;107;13.687
Clausthal-Zellerfeld, Berg- und Universitätsstadt;50,88;136;15.639
Schiffdorf;40,07;112;14.228
Liebenburg-Langelsheim;42,00;206;7.968
Braunlage, Stadt;32,77;48;5.982
Goslar, Stadt;41,08;432;50.654
Schladen-Werla;51,99;90;8.789
Wolfenbüttel, Stadt;37,57;392;52.175
Uslar-Bodenfelde;39,12;156;17.354
Lüneburg, Hansestadt;47,70;553;74.541
Schüttorf, SG;39,23;100;15.652
Uelsen, SG;37,79;77;11.287
Seesen, Stadt;42,82;172;19.313
Emlichheim, SG;46,17;107;14.373
Neuenhaus, SG;50,77;126;14.032
Wangerland-Wangerooge;59,06;130;10.447
Bleckede-Amt Neuhaus;44,02;132;14.527
Ottersberg, Flecken;40,63;94;12.748
Oyten;50,51;147;15.723
Langwedel, Flecken;36,52;93;14.429
Soltau, Stadt;45,56;183;21.321
Visselhövede, Stadt;50,67;87;9.785
Rodenberg, SG;51,36;147;15.711
Delligsen, Flecken;52,29;85;7.848
Sachsenhagen, SG;62,91;114;9.356
Niedernwöhren, SG;49,82;78;8.063
Kirchlinteln;43,79;77;10.032
Wietze;53,40;78;8.268
Nienstädt, SG;40,89;75;10.121
Winsen (Aller);46,05;114;13.123
Dörverden;40,41;61;9.010
Werlte, SG;46,45;106;17.014
Sögel, SG;46,34;118;16.579
Rehburg-Loccum, Stadt;53,80;103;10.160
Walsrode;40,88;235;30.233
Spelle, SG;43,80;88;13.621
Lengerich, SG;41,48;56;9.188
Nordhümmling, SG;48,52;81;12.186
Herzlake, SG;42,06;74;10.326
Lathen, SG;37,65;73;11.665
Bergen-Lohheide;50,33;123;13.997
Nienburg (Weser), Stadt;43,79;247;31.340
Großefehn;44,53;106;13.904
Lindhorst, SG;47,83;66;7.794
Nenndorf, SG;42,72;171;17.229
Holtriem, SG;40,48;66;9.405
Achim, Stadt;38,11;224;31.483
Emden, Stadt;47,77;393;50.204
Eilsen, SG;46,40;75;6.799
Stade, Hansestadt;42,92;365;46.972
Scheeßel;50,27;115;12.963
Freren, SG;45,22;78;10.432
Hambühren;37,18;74;10.330
Aurich, Stadt;40,79;287;41.738
Faßberg;33,35;41;6.217
Hesel, SG;47,46;84;10.794
Loxstedt;40,16;118;16.150
Osnabrück, Stadt;41,32;1.061;163.007
Winsen (Luhe), Stadt;44,00;254;34.628
Wittingen, Stadt;48,62;104;11.467
Jork;42,06;87;12.055
Uelzen, Hansestadt;45,38;283;33.615
Neuenkirchen-Holdorf;47,88;99;15.652
Bakum-Dinklage;43,17;120;19.324
Rotenburg (Wümme), Stadt;51,95;179;21.686
Rosdorf;39,70;87;11.875
Oldenburg (Oldenburg), Stadt;37,49;989;166.255
Drochtersen;47,73;92;11.211
Neuenkirchen, SG;50,21;77;10.208
Osterode am Harz, Stadt;39,35;179;21.852
Buxtehude, Stadt;44,52;325;40.051
Bersenbrück, SG;44,88;190;29.394
Fürstenau, SG;50,78;137;15.931
Scharnebeck, SG;49,60;119;15.498
Artland, SG;49,81;181;23.283
Ilmenau, SG;45,61;81;10.549
Ostheide, SG;52,63;87;10.391
Dahlenburg, SG;42,36;52;6.134
Gellersen, SG;37,11;91;13.640
Stelle;47,68;97;11.158
Seevetal;42,41;338;41.328
Duderstadt, Stadt;41,05;169;20.590
Rinteln, Stadt;44,97;223;25.446
Lamspringe;34,15;41;5.644
Diepholz, Stadt;52,85;143;16.738
Amelinghausen, SG;43,17;71;8.346
Bardowick, SG;47,18;134;17.625