gebiet;geschlecht;diagnose;icd10;zeitraum;kennzahl;sir;sir_ci_unten;sir_ci_oben;bevoelkerung
Bad Bentheim, Stadt;Gesamt;Krebs gesamt;C00-C97 ohne C44;2013-2022;SIR;0,9134;0,8639;0,9657;15495
Emlichheim, SG;Gesamt;Krebs gesamt;C00-C97 ohne C44;2013-2022;SIR;0,9470;0,8964;1,0014;14373
Neuenhaus, SG;Gesamt;Krebs gesamt;C00-C97 ohne C44;2013-2022;SIR;0,9465;0,9015;0,9934;14032
Nordhorn, Stadt;Gesamt;Krebs gesamt;C00-C97 ohne C44;2013-2022;SIR;0,9813;0,9515;1,0120;53413
Schüttorf, SG;Gesamt;Krebs gesamt;C00-C97 ohne C44;2013-2022;SIR;0,8923;0,8489;0,9375;15652
Uelsen, SG;Gesamt;Krebs gesamt;C00-C97 ohne C44;2013-2022;SIR;0,9230;0,8666;0,9810;11287
Wietmarschen;Gesamt;Krebs gesamt;C00-C97 ohne C44;2013-2022;SIR;0,9093;0,8652;0,9534;12121
Bad Bentheim, Stadt;Frauen;Krebs gesamt;C00-C97 ohne C44;2013-2022;SIR;0,9169;0,8544;0,9832;7830
Emlichheim, SG;Frauen;Krebs gesamt;C00-C97 ohne C44;2013-2022;SIR;0,9523;0,8885;1,0201;7064
Neuenhaus, SG;Frauen;Krebs gesamt;C00-C97 ohne C44;2013-2022;SIR;0,9603;0,9050;1,0191;6942
Nordhorn, Stadt;Frauen;Krebs gesamt;C00-C97 ohne C44;2013-2022;SIR;0,9567;0,9171;0,9979;27110
Schüttorf, SG;Frauen;Krebs gesamt;C00-C97 ohne C44;2013-2022;SIR;0,9052;0,8528;0,9599;7785
Uelsen, SG;Frauen;Krebs gesamt;C00-C97 ohne C44;2013-2022;SIR;0,9297;0,8577;1,0058;5538
Wietmarschen;Frauen;Krebs gesamt;C00-C97 ohne C44;2013-2022;SIR;0,9173;0,8670;0,9684;5998
Bad Bentheim, Stadt;Männer;Krebs gesamt;C00-C97 ohne C44;2013-2022;SIR;0,9141;0,8494;0,9836;7665
Emlichheim, SG;Männer;Krebs gesamt;C00-C97 ohne C44;2013-2022;SIR;0,9300;0,8655;0,9990;7309
Neuenhaus, SG;Männer;Krebs gesamt;C00-C97 ohne C44;2013-2022;SIR;0,9167;0,8588;0,9783;7090
Nordhorn, Stadt;Männer;Krebs gesamt;C00-C97 ohne C44;2013-2022;SIR;0,9966;0,9550;1,0393;26303
Schüttorf, SG;Männer;Krebs gesamt;C00-C97 ohne C44;2013-2022;SIR;0,8895;0,8309;0,9492;7867
Uelsen, SG;Männer;Krebs gesamt;C00-C97 ohne C44;2013-2022;SIR;0,9100;0,8386;0,9874;5750
Wietmarschen;Männer;Krebs gesamt;C00-C97 ohne C44;2013-2022;SIR;0,9148;0,8582;0,9751;6122
Bad Bentheim, Stadt;Gesamt;Darmkrebs;C18-C20;2013-2022;SIR;0,9299;0,8155;1,0565;15495
Emlichheim, SG;Gesamt;Darmkrebs;C18-C20;2013-2022;SIR;1,0527;0,9311;1,1924;14373
Neuenhaus, SG;Gesamt;Darmkrebs;C18-C20;2013-2022;SIR;1,0751;0,9684;1,1931;14032
Nordhorn, Stadt;Gesamt;Darmkrebs;C18-C20;2013-2022;SIR;1,0054;0,9264;1,0890;53413
Schüttorf, SG;Gesamt;Darmkrebs;C18-C20;2013-2022;SIR;0,9583;0,8606;1,0680;15652
Uelsen, SG;Gesamt;Darmkrebs;C18-C20;2013-2022;SIR;0,9966;0,8651;1,1463;11287
Wietmarschen;Gesamt;Darmkrebs;C18-C20;2013-2022;SIR;1,0205;0,9263;1,1257;12121
Bad Bentheim, Stadt;Frauen;Darmkrebs;C18-C20;2013-2022;SIR;0,9771;0,8444;1,1163;7830
Emlichheim, SG;Frauen;Darmkrebs;C18-C20;2013-2022;SIR;1,0271;0,8978;1,1764;7064
Neuenhaus, SG;Frauen;Darmkrebs;C18-C20;2013-2022;SIR;1,0458;0,9363;1,1732;6942
Nordhorn, Stadt;Frauen;Darmkrebs;C18-C20;2013-2022;SIR;1,0085;0,9142;1,1058;27110
Schüttorf, SG;Frauen;Darmkrebs;C18-C20;2013-2022;SIR;1,0033;0,8980;1,1214;7785
Uelsen, SG;Frauen;Darmkrebs;C18-C20;2013-2022;SIR;0,9681;0,8221;1,1252;5538
Wietmarschen;Frauen;Darmkrebs;C18-C20;2013-2022;SIR;1,0375;0,9413;1,1471;5998
Bad Bentheim, Stadt;Männer;Darmkrebs;C18-C20;2013-2022;SIR;0,9246;0,7849;1,0841;7665
Emlichheim, SG;Männer;Darmkrebs;C18-C20;2013-2022;SIR;1,0436;0,8982;1,2115;7309
Neuenhaus, SG;Männer;Darmkrebs;C18-C20;2013-2022;SIR;1,0451;0,9203;1,1881;7090
Nordhorn, Stadt;Männer;Darmkrebs;C18-C20;2013-2022;SIR;1,0019;0,9028;1,1070;26303
Schüttorf, SG;Männer;Darmkrebs;C18-C20;2013-2022;SIR;0,9373;0,8189;1,0666;7867
Uelsen, SG;Männer;Darmkrebs;C18-C20;2013-2022;SIR;1,0516;0,8896;1,2395;5750
Wietmarschen;Männer;Darmkrebs;C18-C20;2013-2022;SIR;0,9813;0,8709;1,1012;6122
Bad Bentheim, Stadt;Gesamt;Lungenkrebs;C33-C34;2013-2022;SIR;0,8375;0,7173;0,9706;15495
Emlichheim, SG;Gesamt;Lungenkrebs;C33-C34;2013-2022;SIR;0,8445;0,7254;0,9825;14373
Neuenhaus, SG;Gesamt;Lungenkrebs;C33-C34;2013-2022;SIR;0,8528;0,7461;0,9744;14032
Nordhorn, Stadt;Gesamt;Lungenkrebs;C33-C34;2013-2022;SIR;0,9862;0,9047;1,0753;53413
Schüttorf, SG;Gesamt;Lungenkrebs;C33-C34;2013-2022;SIR;0,9206;0,8096;1,0468;15652
Uelsen, SG;Gesamt;Lungenkrebs;C33-C34;2013-2022;SIR;0,7395;0,6158;0,8804;11287
Wietmarschen;Gesamt;Lungenkrebs;C33-C34;2013-2022;SIR;0,9090;0,8015;1,0307;12121
Bad Bentheim, Stadt;Frauen;Lungenkrebs;C33-C34;2013-2022;SIR;0,8263;0,6679;1,0137;7830
Emlichheim, SG;Frauen;Lungenkrebs;C33-C34;2013-2022;SIR;0,7774;0,6229;0,9577;7064
Neuenhaus, SG;Frauen;Lungenkrebs;C33-C34;2013-2022;SIR;0,8005;0,6688;0,9502;6942
Nordhorn, Stadt;Frauen;Lungenkrebs;C33-C34;2013-2022;SIR;0,9051;0,7906;1,0307;27110
Schüttorf, SG;Frauen;Lungenkrebs;C33-C34;2013-2022;SIR;0,8517;0,7214;1,0080;7785
Uelsen, SG;Frauen;Lungenkrebs;C33-C34;2013-2022;SIR;0,6736;0,5167;0,8645;5538
Wietmarschen;Frauen;Lungenkrebs;C33-C34;2013-2022;SIR;0,8459;0,7290;0,9825;5998
Bad Bentheim, Stadt;Männer;Lungenkrebs;C33-C34;2013-2022;SIR;0,8669;0,7277;1,0260;7665
Emlichheim, SG;Männer;Lungenkrebs;C33-C34;2013-2022;SIR;0,8793;0,7393;1,0378;7309
Neuenhaus, SG;Männer;Lungenkrebs;C33-C34;2013-2022;SIR;0,8856;0,7589;1,0260;7090
Nordhorn, Stadt;Männer;Lungenkrebs;C33-C34;2013-2022;SIR;1,0089;0,9070;1,1198;26303
Schüttorf, SG;Männer;Lungenkrebs;C33-C34;2013-2022;SIR;0,9517;0,8203;1,1007;7867
Uelsen, SG;Männer;Lungenkrebs;C33-C34;2013-2022;SIR;0,8256;0,6739;0,9987;5750
Wietmarschen;Männer;Lungenkrebs;C33-C34;2013-2022;SIR;0,9429;0,8189;1,0852;6122
Bad Bentheim, Stadt;Gesamt;Melanom;C43;2013-2022;SIR;0,9981;0,7878;1,2426;15495
Emlichheim, SG;Gesamt;Melanom;C43;2013-2022;SIR;0,8523;0,6658;1,0784;14373
Neuenhaus, SG;Gesamt;Melanom;C43;2013-2022;SIR;0,8841;0,7205;1,0801;14032
Nordhorn, Stadt;Gesamt;Melanom;C43;2013-2022;SIR;0,9611;0,8373;1,0964;53413
Schüttorf, SG;Gesamt;Melanom;C43;2013-2022;SIR;0,8604;0,7004;1,0469;15652
Uelsen, SG;Gesamt;Melanom;C43;2013-2022;SIR;0,8005;0,5993;1,0455;11287
Wietmarschen;Gesamt;Melanom;C43;2013-2022;SIR;0,8614;0,7099;1,0421;12121
Bad Bentheim, Stadt;Frauen;Melanom;C43;2013-2022;SIR;0,9996;0,7398;1,3188;7830
Emlichheim, SG;Frauen;Melanom;C43;2013-2022;SIR;0,8847;0,6576;1,1735;7064
Neuenhaus, SG;Frauen;Melanom;C43;2013-2022;SIR;0,9089;0,7077;1,1552;6942
Nordhorn, Stadt;Frauen;Melanom;C43;2013-2022;SIR;0,9131;0,7582;1,0900;27110
Schüttorf, SG;Frauen;Melanom;C43;2013-2022;SIR;0,8936;0,6986;1,1315;7785
Uelsen, SG;Frauen;Melanom;C43;2013-2022;SIR;0,9496;0,6786;1,3122;5538
Wietmarschen;Frauen;Melanom;C43;2013-2022;SIR;0,9044;0,7264;1,1229;5998
Bad Bentheim, Stadt;Männer;Melanom;C43;2013-2022;SIR;0,9454;0,6948;1,2527;7665
Emlichheim, SG;Männer;Melanom;C43;2013-2022;SIR;0,8058;0,6004;1,0825;7309
Neuenhaus, SG;Männer;Melanom;C43;2013-2022;SIR;0,8333;0,6482;1,0788;7090
Nordhorn, Stadt;Männer;Melanom;C43;2013-2022;SIR;0,9804;0,8155;1,1738;26303
Schüttorf, SG;Männer;Melanom;C43;2013-2022;SIR;0,8409;0,6537;1,0785;7867
Uelsen, SG;Männer;Melanom;C43;2013-2022;SIR;0,6809;0,4706;0,9727;5750
Wietmarschen;Männer;Melanom;C43;2013-2022;SIR;0,8136;0,6511;1,0184;6122
Bad Bentheim, Stadt;Frauen;Brustkrebs;C50;2013-2022;SIR;0,9780;0,8732;1,0936;7830
Emlichheim, SG;Frauen;Brustkrebs;C50;2013-2022;SIR;1,0056;0,9009;1,1231;7064
Neuenhaus, SG;Frauen;Brustkrebs;C50;2013-2022;SIR;0,9818;0,8964;1,0799;6942
Nordhorn, Stadt;Frauen;Brustkrebs;C50;2013-2022;SIR;0,9679;0,9012;1,0387;27110
Schüttorf, SG;Frauen;Brustkrebs;C50;2013-2022;SIR;0,9386;0,8564;1,0285;7785
Uelsen, SG;Frauen;Brustkrebs;C50;2013-2022;SIR;0,9677;0,8533;1,0948;5538
Wietmarschen;Frauen;Brustkrebs;C50;2013-2022;SIR;0,9222;0,8461;1,0018;5998
Bad Bentheim, Stadt;Männer;Prostatakrebs;C61;2013-2022;SIR;1,0959;0,9577;1,2547;7665
Emlichheim, SG;Männer;Prostatakrebs;C61;2013-2022;SIR;1,0504;0,9104;1,2026;7309
Neuenhaus, SG;Männer;Prostatakrebs;C61;2013-2022;SIR;0,9393;0,8257;1,0652;7090
Nordhorn, Stadt;Männer;Prostatakrebs;C61;2013-2022;SIR;1,1304;1,0434;1,2218;26303
Schüttorf, SG;Männer;Prostatakrebs;C61;2013-2022;SIR;0,9830;0,8684;1,1126;7867
Uelsen, SG;Männer;Prostatakrebs;C61;2013-2022;SIR;1,0591;0,9117;1,2305;5750
Wietmarschen;Männer;Prostatakrebs;C61;2013-2022;SIR;0,9771;0,8672;1,0999;6122
