Gebiet;Standardisiertes Inzidenzverhältnis (SIR);SIR (95%‑GI, untere Grenze);SIR (95%‑GI, obere Grenze);Bevölkerung
Herzberg am Harz, Stadt;0,8784;0,7956;0,9612;6.625
Göttingen, Stadt;0,9758;0,9249;1,0303;60.920
Sickte, SG;0,9885;0,9092;1,0699;5.249
Hann. Münden, Stadt;0,9128;0,8377;0,9905;12.036
Elm-Asse, SG;0,9720;0,9047;1,0421;9.253
Stadthagen, Stadt;0,9796;0,9046;1,0607;11.454
Gleichen;0,9589;0,8694;1,0664;4.492
Friedland;0,8700;0,7718;0,9719;5.940
Bassum, Stadt;1,0002;0,9238;1,0845;7.987
Lüchow-Gartow-Clenze (Wendland);0,9793;0,8971;1,0628;14.137
Wilhelmshaven, Stadt;1,0940;1,0305;1,1608;38.665
Wunstorf, Stadt;0,9990;0,9364;1,0639;21.194
Wennigsen (Deister);1,0585;0,9646;1,1614;7.188
Lachendorf, SG;0,9810;0,9028;1,0679;6.395
Wathlingen, SG;1,0363;0,9566;1,1248;7.880
Wolfsburg, Stadt;1,0128;0,9644;1,0639;62.355
Flotwedel, SG;1,0007;0,9166;1,0911;5.774
Baddeckenstedt, SG;0,9810;0,8952;1,0747;5.267
Oderwald, SG;1,0082;0,9119;1,1152;3.390
Jade-Ovelgönne;0,9938;0,9064;1,0875;5.569
Söhlde;1,0130;0,9279;1,1066;3.954
Saterland;0,9567;0,8658;1,0538;6.670
Löningen, Stadt;0,9652;0,8854;1,0526;6.659
Bovenden, Flecken;0,9488;0,8720;1,0327;6.962
Obernkirchen, Stadt;1,0003;0,9087;1,1017;4.632
Schellerten;0,9795;0,9029;1,0634;4.013
Bad Lauterberg im Harz, Stadt;0,9118;0,8277;1,0016;5.436
Garrel;0,9451;0,8669;1,0240;7.298
Sarstedt, Stadt;1,0244;0,9456;1,1083;9.721
Adelebsen, Flecken;0,9532;0,8720;1,0443;3.200
Essen (Oldenburg);0,9878;0,8897;1,0989;4.217
Bad Grund (Harz);0,9797;0,8926;1,0767;4.208
Friesoythe, Stadt;0,9501;0,8818;1,0232;11.011
Helmstedt-Nord-Elm;0,9842;0,9168;1,0565;15.958
Schneverdingen-Neuenkirchen;0,9768;0,9078;1,0474;12.455
Munster-Bispingen;1,0069;0,9352;1,0838;10.525
Wallenhorst;1,0082;0,9171;1,1051;11.687
Glandorf;0,9747;0,8434;1,1209;3.233
Oldendorf-Himmelpforten, SG;1,0147;0,9335;1,0987;9.084
Nordstemmen;1,0154;0,9367;1,0977;6.174
Nordkehdingen, SG;1,0079;0,8997;1,1330;3.635
Cloppenburg, Stadt;0,9345;0,8599;1,0167;17.557
Hessisch Oldendorf, Stadt;0,9675;0,8896;1,0465;9.231
Haren (Ems), Stadt;0,9178;0,8361;1,0066;11.739
Emstek;0,9412;0,8606;1,0268;5.834
Salzhemmendorf, Flecken;0,9820;0,9008;1,0678;4.683
Hildesheim, Stadt;1,0155;0,9643;1,0687;53.072
Haselünne, Stadt;0,9402;0,8587;1,0280;6.473
Bösel;0,9625;0,8657;1,0651;3.890
Emmerthal;1,0033;0,9138;1,0978;5.055
Holle;0,9752;0,8840;1,0699;3.593
Hameln, Stadt;1,0737;1,0076;1,1425;29.844
Bad Pyrmont, Stadt;0,9800;0,8938;1,0737;10.117
Harsum;1,0008;0,9179;1,0913;5.764
Barßel;0,9717;0,8879;1,0640;6.483
Coppenbrügge, Flecken;0,9918;0,9083;1,0797;3.641
Wardenburg;0,9879;0,9114;1,0708;8.192
Hude (Oldb);0,9855;0,9037;1,0709;8.089
Hemmoor, SG;0,9990;0,9072;1,0990;7.103
Freden-Sibbesse;0,9481;0,8763;1,0243;5.292
Giesen;1,0049;0,9082;1,1077;4.897
Bad Bentheim, Stadt;0,9780;0,8732;1,0936;7.830
Hambergen, SG;1,0307;0,9410;1,1301;5.880
Horneburg, SG;1,0688;0,9813;1,1635;6.362
Lühe, SG;1,1026;0,9996;1,2145;4.899
Harsefeld, SG;1,0375;0,9569;1,1235;10.787
Fallingbostel-Wietzendorf;1,0093;0,9385;1,0868;8.796
Wildeshausen, Stadt;1,0072;0,9227;1,1014;10.032
Apensen, SG;1,0924;0,9942;1,2027;4.571
Geeste;0,9426;0,8629;1,0270;5.537
Fredenbeck, SG;1,0485;0,9626;1,1402;6.358
Aerzen, Flecken;0,9952;0,9087;1,0912;5.393
Bückeburg, Stadt;1,0055;0,9182;1,1028;10.004
Bad Münder am Deister, Stadt;1,0269;0,9505;1,1109;8.892
Ahlden-Rethem;0,9713;0,8915;1,0609;5.710
Emsbüren;0,9042;0,8168;0,9936;5.044
Melle, Stadt;1,0485;0,9761;1,1275;23.391
Hagen im Bremischen;1,0381;0,9535;1,1320;5.524
Wurster Nordseeküste;0,9356;0,8458;1,0312;8.529
Hilter am Teutoburger Wald;1,0020;0,9218;1,0921;5.214
Elze, Stadt;0,9629;0,8672;1,0609;4.534
Hagen am Teutoburger Wald;0,9810;0,8827;1,0893;6.865
Hasbergen;0,9962;0,8952;1,1089;5.628
Diekholzen;0,9730;0,8774;1,0752;3.318
Ostercappeln;0,9667;0,8877;1,0541;4.888
Geestland, Stadt;1,0146;0,9381;1,0948;15.816
Tarmstedt, SG;1,0253;0,9445;1,1119;5.331
Zeven, SG;1,0318;0,9560;1,1118;11.315
Sittensen, SG;1,0106;0,9281;1,0951;5.530
Friedeburg;1,0492;0,9730;1,1351;5.169
Sottrum, SG;1,0130;0,9368;1,0946;7.326
Auetal;1,0047;0,9191;1,1004;3.169
Hatten;1,0112;0,9325;1,0978;7.162
Rhauderfehn;0,9457;0,8674;1,0303;9.024
Großenkneten;0,9675;0,8933;1,0459;7.445
Hankensbüttel, SG;0,9366;0,8490;1,0262;4.493
Leer (Ostfriesland), Stadt;0,9512;0,8864;1,0211;17.209
Isenbüttel, SG;0,9911;0,9151;1,0712;7.620
Ganderkesee;1,0649;0,9916;1,1505;15.781
Wiefelstede;0,9803;0,9014;1,0598;8.025
Moormerland;0,9926;0,9178;1,0725;11.781
Boldecker Land, SG;0,9930;0,9001;1,0960;5.049
Brome, SG;0,9751;0,8979;1,0580;7.935
Holzminden, Stadt;0,9092;0,8386;0,9804;10.147
Westerstede, Stadt;1,0022;0,9296;1,0800;11.587
Edewecht;0,9946;0,9270;1,0675;11.247
Rastede;0,9656;0,8881;1,0480;11.369
Bohmte;0,9048;0,8223;0,9887;6.377
Bramsche, Stadt;0,9890;0,9188;1,0674;15.480
Wiesmoor, Stadt;1,0700;0,9742;1,1752;6.799
Bissendorf;0,9867;0,9138;1,0648;7.382
Wesendorf, SG;0,9575;0,8802;1,0364;7.174
Geestequelle, SG;1,0321;0,9382;1,1323;3.174
Südbrookmerland;1,0262;0,9472;1,1155;9.301
Salzhausen, SG;1,0453;0,9588;1,1411;7.241
Selsingen, SG;1,0378;0,9518;1,1300;4.548
Delmenhorst, Stadt;0,9564;0,8978;1,0178;38.782
Tostedt, SG;1,0166;0,9414;1,0908;13.301
Eschede-Unterlüß-Hermannsburg (Südheide);0,9605;0,8913;1,0314;8.805
Meinersen, SG;0,9859;0,9176;1,0581;10.256
Bothel, SG;1,0059;0,9222;1,0974;4.115
Hollenstedt, SG;1,0945;1,0088;1,1904;5.760
Papenteich, SG;1,0242;0,9493;1,1053;12.233
Schwaförden-Siedenburg;0,9661;0,8888;1,0478;5.618
Fintel, SG;0,9797;0,8833;1,0806;3.758
Jesteburg, SG;1,0678;0,9708;1,1751;5.759
Elbmarsch, SG;1,0314;0,9276;1,1477;6.239
Hanstedt, SG;1,0344;0,9629;1,1060;7.358
Georgsmarienhütte, Stadt;0,9686;0,8992;1,0404;16.175
Lemförde-Rehden;0,9363;0,8602;1,0198;7.171
Eystrup-Heemsen-Grafschaft Hoya;0,9631;0,8968;1,0322;11.534
Lamstedt-Sietland-Land Hadeln;0,9848;0,9190;1,0521;16.682
Steyerberg-Stolzenau-Landesbergen (Mittelweser);0,9516;0,8872;1,0202;10.675
Dissen am Teutoburger Wald, Stadt;0,9582;0,8531;1,0729;4.850
Norden, Stadt;0,9970;0,9117;1,0884;12.856
Bad Zwischenahn;1,0610;0,9805;1,1480;14.893
Großheide-Dornum;0,9560;0,8731;1,0411;6.612
Apen;0,9847;0,8986;1,0758;5.779
Norderney-Juist-Baltrum;0,9200;0,7869;1,0711;4.297
Verden (Aller), Stadt;0,9437;0,8691;1,0208;14.181
Weyhe;1,0466;0,9659;1,1333;15.643
Bad Essen;0,9825;0,8950;1,0794;7.893
Krummhörn;0,9988;0,9037;1,1013;6.106
Bienenbuttel-Ebstorf-Bevensen;1,0302;0,9678;1,0950;17.032
Ihlow;1,0094;0,9241;1,1012;6.203
Ilsede;1,0102;0,9345;1,0929;10.905
Hinte;1,0396;0,9391;1,1580;3.550
Vechelde;1,0423;0,9637;1,1289;8.704
Wendeburg;1,0365;0,9462;1,1328;5.241
Belm;0,9952;0,9127;1,0885;7.013
Wagenfeld;0,9162;0,8123;1,0298;3.535
Bad Rothenfelde;0,9941;0,8858;1,1122;4.217
Twistringen, Stadt;0,9843;0,8977;1,0753;6.122
Leinebergland, SG;0,9744;0,9117;1,0415;9.323
Bad Iburg, Stadt;0,9823;0,8918;1,0788;5.520
Sulingen, Stadt;0,9288;0,8400;1,0198;6.460
Bad Laer;1,0087;0,9055;1,1205;4.663
Syke, Stadt;0,9900;0,9119;1,0713;12.250
Stuhr;1,0705;0,9952;1,1542;17.160
Elbtalaue, SG;1,0048;0,9239;1,0937;10.627
Braunschweig, Stadt;1,0395;1,0024;1,0793;125.856
Schwarmstedt, SG;0,9709;0,9004;1,0444;6.363
Lengede;1,0364;0,9420;1,1422;6.599
Peine, Stadt;0,9929;0,9287;1,0589;25.189
Edemissen;1,0341;0,9528;1,1256;6.305
Hohenhameln;1,0152;0,9366;1,1014;4.617
Bad Harzburg, Stadt;0,9510;0,8616;1,0450;11.693
Staufenberg;0,8541;0,7270;0,9946;3.967
Celle, Stadt;1,0026;0,9463;1,0617;35.826
Adendorf;1,0940;0,9863;1,2143;5.642
Varel, Stadt;1,0103;0,9252;1,1003;12.291
Zetel;1,0240;0,9348;1,1216;5.973
Eschershausen-Stadtoldendorf, SG;0,9559;0,8947;1,0239;7.876
Bockhorn;1,0000;0,9031;1,1032;4.385
Twist;0,9429;0,8608;1,0330;4.595
Kirchdorf, SG;0,9298;0,8468;1,0186;3.385
Thedinghausen, SG;1,0020;0,9267;1,0793;7.490
Barnstorf, SG;0,9168;0,8470;0,9894;5.969
Boffzen, SG;0,9109;0,8142;1,0180;3.408
Bruchhausen-Vilsen, SG;0,9895;0,9124;1,0719;8.651
Hage, SG;0,9445;0,8510;1,0436;5.731
Cremlingen;1,0163;0,9252;1,1180;6.570
Worpswede;1,0122;0,9263;1,1031;4.851
Salzgitter, Stadt;0,9915;0,9440;1,0407;51.835
Brookmerland, SG;0,9791;0,8960;1,0680;6.715
Papenburg, Stadt;0,8993;0,8291;0,9721;18.145
Ritterhude;1,0046;0,9074;1,1105;7.458
Schwanewede;0,9839;0,9061;1,0647;10.199
Schortens, Stadt;1,1088;1,0213;1,2037;10.440
Salzbergen;0,9004;0,7958;1,0130;3.803
Sande;1,0635;0,9634;1,1720;4.507
Visbek;0,9690;0,8821;1,0672;4.784
Cuxhaven, Stadt;0,9487;0,8791;1,0245;25.475
Sassenburg;0,9677;0,8812;1,0612;5.725
Steinfeld (Oldenburg);0,9024;0,8100;1,0012;4.869
Vechta, Stadt;0,9477;0,8806;1,0165;16.266
Lohne (Oldenburg), Stadt;0,9279;0,8525;1,0075;13.103
Osterholz-Scharmbeck, Stadt;1,0016;0,9289;1,0798;15.459
Goldenstedt;0,9516;0,8696;1,0368;4.824
Weser-Aue, SG;0,9690;0,8868;1,0567;7.200
Lilienthal;1,0320;0,9488;1,1238;9.913
Damme, Stadt;0,9042;0,8208;0,9912;8.522
Grasberg;1,0249;0,9264;1,1341;3.901
Bad-Sachsa-Walkenried;0,9081;0,8160;1,0090;6.102
Rosengarten;1,1070;1,0101;1,2121;6.845
Steimbke, SG;0,9507;0,8718;1,0367;3.593
Uchte, SG;0,9031;0,8093;1,0083;6.890
Lastrup-Cappeln;0,9649;0,8903;1,0480;6.708
Lindern-Molbergen;0,9223;0,8449;1,0046;6.580
Jever, Stadt;1,0496;0,9563;1,1475;7.452
Gnarrenburg;1,0123;0,9302;1,0997;4.552
Meppen, Stadt;0,9333;0,8615;1,0085;17.747
Lingen (Ems), Stadt;0,9567;0,8930;1,0243;27.264
Wietmarschen;0,9222;0,8461;1,0018;5.998
Einbeck, Stadt;0,9360;0,8760;0,9975;15.907
Neu Wulmstorf;1,1127;1,0261;1,2098;10.593
Nörten-Hardenberg, Flecken;0,9625;0,8771;1,0586;4.182
Northeim, Stadt;0,9971;0,9247;1,0781;14.872
Uetze;1,0168;0,9409;1,1001;10.240
Wedemark;1,0210;0,9539;1,0935;15.049
Sehnde, Stadt;1,0239;0,9516;1,0987;11.655
Moringen, Stadt;0,9406;0,8611;1,0220;3.395
Springe, Stadt;1,0464;0,9833;1,1127;14.816
Ronnenberg, Stadt;1,0833;1,0032;1,1743;12.156
Katlenburg-Lindau;0,9440;0,8688;1,0233;3.534
Seelze, Stadt;0,9882;0,9170;1,0625;17.054
Hardegsen, Stadt;0,9508;0,8624;1,0455;3.916
Kalefeld;0,9603;0,8862;1,0414;3.190
Stadland;1,0285;0,9454;1,1189;3.705
Nordenham, Stadt;1,0553;0,9640;1,1535;13.193
Bremervörde, Stadt;1,0513;0,9718;1,1393;9.273
Lemwerder;0,9976;0,8873;1,1158;3.385
Butjadingen;1,0442;0,9145;1,1906;3.098
Neustadt am Rübenberge, Stadt;1,0068;0,9458;1,0740;22.324
Elsfleth, Stadt;0,9682;0,8928;1,0489;4.455
Pattensen, Stadt;1,0642;0,9791;1,1588;7.410
Königslutter am Elm, Stadt;0,9869;0,9157;1,0598;7.975
Lehre;1,0334;0,9506;1,1226;5.894
Langenhagen, Stadt;1,0141;0,9463;1,0841;27.383
Dassel, Stadt;0,9352;0,8567;1,0203;4.910
Lehrte, Stadt;1,0054;0,9430;1,0680;22.045
Bad Gandersheim, Stadt;0,9377;0,8537;1,0257;5.052
Nordhorn, Stadt;0,9679;0,9012;1,0387;27.110
Laatzen, Stadt;1,0431;0,9774;1,1135;21.374
Hemmingen, Stadt;1,0954;1,0107;1,1893;9.689
Isernhagen;1,0561;0,9837;1,1357;12.258
Dorpen-Rhede;0,9232;0,8494;1,0033;10.141
Westoverledingen;0,9764;0,8931;1,0701;10.354
Garbsen, Stadt;0,9788;0,9222;1,0404;31.144
Uplengen;0,9967;0,9196;1,0749;5.889
Gehrden, Stadt;1,0665;0,9810;1,1612;7.724
Weener, Stadt;0,9454;0,8654;1,0305;7.829
Burgdorf, Stadt;1,0437;0,9737;1,1189;15.586
Burgwedel, Stadt;1,0440;0,9695;1,1285;10.693
Gifhorn, Stadt;0,9718;0,9003;1,0468;21.472
Berne;0,9993;0,9016;1,1075;3.353
Brake (Unterweser), Stadt;0,9753;0,8848;1,0712;7.686
Buchholz in der Nordheide, Stadt;1,0751;1,0044;1,1491;20.396
Harpstedt-Dötlingen;1,0183;0,9503;1,0926;8.553
Rosche, SG;1,0090;0,9228;1,1019;3.395
Bevern-Polle-Bodenwerder;0,9796;0,9102;1,0527;10.516
Wittmund, Stadt;1,0143;0,9303;1,1019;10.394
Hannover, Landeshauptstadt;1,0152;0,9876;1,0433;272.898
Barsinghausen, Stadt;1,0484;0,9842;1,1181;17.229
Esens-Langeoog-Spiekeroog;1,0296;0,9414;1,1265;8.768
Aue, SG;0,9841;0,9083;1,0653;6.344
Bockenem, Stadt;0,9567;0,8739;1,0412;4.886
Suderburg, SG;1,0022;0,9128;1,1030;3.386
Bad Salzdetfurth, Stadt;0,9902;0,9140;1,0736;6.773
Schoningen-Heeseberg;0,9922;0,8994;1,0898;7.701
Velpke-Grasleben;0,9688;0,8860;1,0558;8.616
Ostrhauderfehn-Jumme;0,9748;0,9057;1,0494;9.010
Bunde-Jemgum-Borkum;0,9613;0,8814;1,0442;5.599
Algermissen;1,0162;0,9219;1,1145;3.977
Alfeld (Leine), Stadt;0,9503;0,8733;1,0343;9.585
Hattorf am Harz, SG;0,9154;0,8293;1,0078;3.730
Radolfshausen, SG;0,9352;0,8538;1,0226;3.639
Beverstedt;1,0455;0,9677;1,1344;6.752
Dransfeld, SG;0,9303;0,8376;1,0282;4.695
Gieboldehausen, SG;0,8909;0,8097;0,9763;6.828
Clausthal-Zellerfeld, Berg- und Universitätsstadt;0,9001;0,7970;1,0085;6.870
Schiffdorf;1,0131;0,9157;1,1197;7.237
Liebenburg-Langelsheim;0,9806;0,9145;1,0528;3.970
Braunlage, Stadt;0,9032;0,8002;1,0134;2.998
Goslar, Stadt;1,0365;0,9678;1,1108;25.955
Schladen-Werla;0,9868;0,8968;1,0876;4.488
Wolfenbüttel, Stadt;1,0242;0,9602;1,0905;26.546
Uslar-Bodenfelde;0,9070;0,8348;0,9804;8.801
Lüneburg, Hansestadt;1,0850;1,0217;1,1519;38.690
Schüttorf, SG;0,9386;0,8564;1,0285;7.785
Uelsen, SG;0,9677;0,8533;1,0948;5.538
Seesen, Stadt;0,9425;0,8729;1,0156;9.947
Emlichheim, SG;1,0056;0,9009;1,1231;7.064
Neuenhaus, SG;0,9818;0,8964;1,0799;6.942
Wangerland-Wangerooge;1,0485;0,9508;1,1503;5.346
Bleckede-Amt Neuhaus;0,9907;0,8987;1,0871;7.349
Ottersberg, Flecken;1,0158;0,9376;1,0964;6.531
Oyten;1,0798;0,9712;1,2045;8.074
Langwedel, Flecken;0,9721;0,8947;1,0536;7.304
Soltau, Stadt;0,9606;0,8834;1,0418;10.901
Visselhövede, Stadt;0,9603;0,8729;1,0523;4.963
Rodenberg, SG;1,0028;0,9284;1,0818;7.839
Delligsen, Flecken;0,9461;0,8626;1,0337;3.954
Sachsenhagen, SG;0,9805;0,8907;1,0751;4.736
Niedernwöhren, SG;0,9802;0,8962;1,0724;4.111
Kirchlinteln;0,9805;0,9056;1,0627;4.975
Wietze;1,0042;0,9129;1,1003;4.167
Nienstädt, SG;0,9690;0,8725;1,0731;5.082
Winsen (Aller);0,9732;0,8924;1,0554;6.673
Dörverden;1,0168;0,9215;1,1286;4.506
Werlte, SG;0,9549;0,8774;1,0385;8.060
Sögel, SG;0,9171;0,8475;0,9876;7.929
Rehburg-Loccum, Stadt;0,9686;0,8833;1,0589;5.022
Walsrode;0,9573;0,8873;1,0314;15.260
Spelle, SG;0,8997;0,8118;0,9942;6.625
Lengerich, SG;0,9360;0,8582;1,0238;4.512
Nordhümmling, SG;0,9421;0,8717;1,0185;5.888
Herzlake, SG;0,9700;0,8935;1,0547;4.847
Lathen, SG;0,8750;0,7800;0,9743;5.681
Bergen-Lohheide;0,9561;0,8666;1,0505;7.069
Nienburg (Weser), Stadt;0,9555;0,8824;1,0332;16.132
Großefehn;1,0001;0,9183;1,0846;6.894
Lindhorst, SG;0,9767;0,8877;1,0731;3.941
Nenndorf, SG;1,0031;0,9212;1,0882;8.987
Holtriem, SG;1,0259;0,9192;1,1435;4.743
Achim, Stadt;1,0542;0,9764;1,1372;16.180
Emden, Stadt;1,0379;0,9710;1,1093;25.220
Eilsen, SG;1,0288;0,9306;1,1454;3.570
Stade, Hansestadt;1,0498;0,9787;1,1262;24.091
Scheeßel;0,9645;0,8763;1,0494;6.412
Freren, SG;0,9228;0,8304;1,0179;5.179
Hambühren;1,0125;0,9242;1,1104;5.160
Aurich, Stadt;1,0492;0,9864;1,1190;21.226
Faßberg;1,0033;0,9123;1,1027;3.019
Hesel, SG;0,9638;0,8784;1,0509;5.424
Loxstedt;1,0597;0,9693;1,1568;8.157
Osnabrück, Stadt;0,9931;0,9458;1,0394;84.329
Winsen (Luhe), Stadt;1,0804;1,0064;1,1595;17.648
Wittingen, Stadt;0,9325;0,8413;1,0254;5.698
Jork;1,0929;0,9823;1,2132;5.889
Uelzen, Hansestadt;1,0079;0,9330;1,0870;17.308
Neuenkirchen-Holdorf;0,9342;0,8666;1,0033;7.659
Bakum-Dinklage;0,9681;0,8906;1,0517;9.544
Rotenburg (Wümme), Stadt;1,0802;0,9924;1,1812;11.071
Rosdorf;0,8798;0,7917;0,9690;5.969
Oldenburg (Oldenburg), Stadt;0,9793;0,9360;1,0233;86.775
Drochtersen;0,9988;0,9010;1,0995;5.656
Neuenkirchen, SG;0,9371;0,8344;1,0434;4.994
Osterode am Harz, Stadt;0,9540;0,8786;1,0355;11.056
Buxtehude, Stadt;1,0860;1,0123;1,1655;20.140
Bersenbrück, SG;0,9801;0,9017;1,0626;14.668
Fürstenau, SG;0,9645;0,8852;1,0472;8.038
Scharnebeck, SG;1,0428;0,9604;1,1325;7.784
Artland, SG;0,9582;0,8880;1,0322;11.541
Ilmenau, SG;1,0367;0,9442;1,1340;5.356
Ostheide, SG;1,0633;0,9766;1,1594;5.195
Dahlenburg, SG;1,0181;0,9223;1,1219;3.038
Gellersen, SG;1,0265;0,9382;1,1199;7.011
Stelle;1,0937;0,9741;1,2294;5.559
Seevetal;1,1330;1,0590;1,2156;21.146
Duderstadt, Stadt;0,9015;0,8232;0,9860;10.485
Rinteln, Stadt;0,9565;0,8768;1,0388;12.986
Lamspringe;0,9498;0,8659;1,0391;2.853
Diepholz, Stadt;0,9213;0,8460;1,0009;8.488
Amelinghausen, SG;1,0310;0,9434;1,1237;4.224
Bardowick, SG;1,0708;0,9907;1,1572;8.926