code;gemeinde;einwohner_2020;rinder_2020;schweine_2020;huehner_2020;rinder_je_einwohner;schweine_je_einwohner;huehner_je_einwohner
456001;Bad Bentheim, Stadt;15618;9249;35913;1695893;0,5922013061851710;2,299462159047253;108,58579843770009
456002;Emlichheim;7356;5980;7796;948141;0,8129418162044589;1,059815116911365;128,89355628058726
456003;Engden;415;1661;21744;431027;4,0024096385542167;52,395180722891567;1038,61927710843383
456004;Esche;570;1368;6245;;2,3999999999999999;10,956140350877194;
456005;Georgsdorf;1213;1609;7712;;1,3264633140972795;6,357790601813685;
456006;Getelo;529;2371;4018;;4,4820415879017013;7,595463137996219;
456;Grafschaft insgesamt;137371;98364;450706;8974981;0,7160463270996061;3,280939936376674;65,33388415313276
456007;Gölenkamp;578;3661;6486;;6,3339100346020762;11,221453287197232;
456008;Halle;673;5179;10094;155253;7,6953937592867758;14,998514115898960;230,68796433878157
456009;Hoogstede;2844;6398;12228;116427;2,2496483825597751;4,299578059071730;40,93776371308017
456010;Isterberg;579;2940;12341;;5,0777202072538863;21,314335060449050;
456011;Itterbeck;1732;3277;10621;621911;1,8920323325635104;6,132217090069284;359,07101616628177
456012;Laar;2119;5394;17029;1305627;2,5455403492213309;8,036337895233601;616,15243039169422
456013;Lage;1030;2049;;;1,9893203883495145;;
456014;Neuenhaus, Stadt;10077;2944;13282;;0,2921504415996825;1,318051007244220;
456015;Nordhorn, Stadt;53756;10045;76275;472376;0,1868628618200759;1,418911377334623;8,78740977751321
456016;Ohne;578;1776;10487;;3,0726643598615917;18,143598615916954;
456017;Osterwald;1190;7598;18777;217422;6,3848739495798323;15,778991596638656;182,70756302521008
456018;Quendorf;596;1470;7567;;2,4664429530201342;12,696308724832214;
456019;Ringe;1980;5730;22900;256007;2,8939393939393940;11,565656565656566;129,29646464646464
456020;Samern;762;2788;9965;;3,6587926509186350;13,077427821522310;
456027;Schüttorf, Stadt;12948;650;3799;;0,0502008032128514;0,293404386777881;
456023;Uelsen;5696;2189;7843;;0,3843047752808989;1,376931179775281;
456024;Wielen;517;1393;14127;300491;2,6943907156673115;27,324951644100580;581,22050290135394
456025;Wietmarschen;12401;5965;98472;1316171;0,4810095960003226;7,940649947584872;106,13426336585759
456026;Wilsum;1614;4680;14985;470460;2,8996282527881041;9,284386617100372;291,48698884758363
