jahr;bevoelkerung
1821;25478
1848;29239
1871;30962
1885;32071
1905;39249
1925;51135
1933;62386
1939;68373
1946;84284
1950;96380
1956;98872
1961;103342
1970;114182
1973;116529
1974;116534
1975;116223
1976;116091
1977;115776
1978;116050
1979;115737
1980;116307
1981;116629
1982;116445
1983;116289
1984;116332
1985;116473
1986;116569
1987;117348
1988;117366
1989;117649
1990;118722
1991;119905
1992;121237
1993;122758
1994;123632
1995;124951
1996;126042
1997;127055
1998;127720
1999;128422
2000;129392
2001;130257
2002;131549
2003;132497
2004;133298
2005;134107
2006;134632
2007;135042
2008;135319
2009;135450
2010;135127
2011;133386
2012;133606
2013;133445
2014;133888
2015;134696
2016;135935
2017;135998
2018;136067
2019;136909
2020;137371
2021;138372
2022;142528
2023;143792
2024;144347
2025;144612
2026;144776
