jahr;bevoelkerung;durchschnittsalter
1821;25478;
1848;29239;
1871;30962;
1885;32071;
1905;39249;
1925;51135;
1933;62386;
1939;68373;
1946;84284;
1950;96380;
1956;98872;
1961;103342;
1970;114182;33,0
1973;116529;
1974;116534;
1975;116223;34,0
1976;116091;
1977;115776;
1978;116050;
1979;115737;
1980;116307;35,4
1981;116629;
1982;116445;
1983;116289;
1984;116332;
1985;116473;36,7
1986;116569;
1987;117348;
1988;117366;
1989;117649;
1990;118722;37,7
1991;119905;
1992;121237;
1993;122758;
1994;123632;
1995;124951;38,2
1996;126042;
1997;127055;
1998;127720;
1999;128422;
2000;129392;39,2
2001;130257;
2002;131549;
2003;132497;
2004;133298;
2005;134107;40,4
2006;134632;
2007;135042;
2008;135319;
2009;135450;
2010;135127;42,0
2011;133386;42,4
2012;133606;42,7
2013;133445;42,9
2014;133888;43,1
2015;134696;43,2
2016;135935;43,4
2017;135998;43,6
2018;136067;43,7
2019;136909;43,8
2020;137371;43,9
2021;138372;44,0
2022;142528;44,0
2023;143792;44,1
2024;144347;44,3
2025;144612;44,5
2026;144776;
