lsn_code,ags_8,kreisschluessel_5,region_name,display_name,region_type,parent_samtgemeinde,year,population,data_basis,basis_break_before,source_table,territorial_status,source_note
456001,03456001,03456,Bad Bentheim,"Bad Bentheim, Stadt",Einheitsgemeinde,,1821,4193,Nach Uelschen,False,Z100300G,01.11.2021,
456001,03456001,03456,Bad Bentheim,"Bad Bentheim, Stadt",Einheitsgemeinde,,1848,5125,Nach Uelschen,False,Z100300G,01.11.2021,
456001,03456001,03456,Bad Bentheim,"Bad Bentheim, Stadt",Einheitsgemeinde,,1871,5482,Nach Uelschen,False,Z100300G,01.11.2021,
456001,03456001,03456,Bad Bentheim,"Bad Bentheim, Stadt",Einheitsgemeinde,,1885,5514,Nach Uelschen,False,Z100300G,01.11.2021,
456001,03456001,03456,Bad Bentheim,"Bad Bentheim, Stadt",Einheitsgemeinde,,1905,6127,Nach Uelschen,False,Z100300G,01.11.2021,
456001,03456001,03456,Bad Bentheim,"Bad Bentheim, Stadt",Einheitsgemeinde,,1925,7334,Nach Uelschen,False,Z100300G,01.11.2021,
456001,03456001,03456,Bad Bentheim,"Bad Bentheim, Stadt",Einheitsgemeinde,,1933,8197,Nach Uelschen,False,Z100300G,01.11.2021,
456001,03456001,03456,Bad Bentheim,"Bad Bentheim, Stadt",Einheitsgemeinde,,1939,8517,Nach Uelschen,False,Z100300G,01.11.2021,
456001,03456001,03456,Bad Bentheim,"Bad Bentheim, Stadt",Einheitsgemeinde,,1946,10691,Nach Uelschen,False,Z100300G,01.11.2021,
456001,03456001,03456,Bad Bentheim,"Bad Bentheim, Stadt",Einheitsgemeinde,,1950,12394,Nach Uelschen,False,Z100300G,01.11.2021,
456001,03456001,03456,Bad Bentheim,"Bad Bentheim, Stadt",Einheitsgemeinde,,1956,11744,Nach Uelschen,False,Z100300G,01.11.2021,
456001,03456001,03456,Bad Bentheim,"Bad Bentheim, Stadt",Einheitsgemeinde,,1961,12017,Nach Uelschen,False,Z100300G,01.11.2021,
456001,03456001,03456,Bad Bentheim,"Bad Bentheim, Stadt",Einheitsgemeinde,,1970,13058,Basis VZ70,True,Z100300G,01.11.2021,
456001,03456001,03456,Bad Bentheim,"Bad Bentheim, Stadt",Einheitsgemeinde,,1987,13718,Basis VZ87,True,Z100300G,01.11.2021,
456001,03456001,03456,Bad Bentheim,"Bad Bentheim, Stadt",Einheitsgemeinde,,1989,13798,Basis VZ87,False,Z100300G,01.11.2021,
456001,03456001,03456,Bad Bentheim,"Bad Bentheim, Stadt",Einheitsgemeinde,,2010,15567,Basis VZ87,False,Z100300G,01.11.2021,
456001,03456001,03456,Bad Bentheim,"Bad Bentheim, Stadt",Einheitsgemeinde,,2011,15070,Zensus 2011,True,Z100300G,01.11.2021,
456001,03456001,03456,Bad Bentheim,"Bad Bentheim, Stadt",Einheitsgemeinde,,2012,15063,Zensus 2011,False,Z100300G,01.11.2021,
456001,03456001,03456,Bad Bentheim,"Bad Bentheim, Stadt",Einheitsgemeinde,,2013,15068,Zensus 2011,False,Z100300G,01.11.2021,
456001,03456001,03456,Bad Bentheim,"Bad Bentheim, Stadt",Einheitsgemeinde,,2014,15104,Zensus 2011,False,Z100300G,01.11.2021,
456001,03456001,03456,Bad Bentheim,"Bad Bentheim, Stadt",Einheitsgemeinde,,2015,15311,Zensus 2011,False,Z100300G,01.11.2021,
456001,03456001,03456,Bad Bentheim,"Bad Bentheim, Stadt",Einheitsgemeinde,,2016,15353,Zensus 2011,False,Z100300G,01.11.2021,
456001,03456001,03456,Bad Bentheim,"Bad Bentheim, Stadt",Einheitsgemeinde,,2017,15418,Zensus 2011,False,Z100300G,01.11.2021,
456001,03456001,03456,Bad Bentheim,"Bad Bentheim, Stadt",Einheitsgemeinde,,2018,15486,Zensus 2011,False,Z100300G,01.11.2021,
456001,03456001,03456,Bad Bentheim,"Bad Bentheim, Stadt",Einheitsgemeinde,,2019,15609,Zensus 2011,False,Z100300G,01.11.2021,
456001,03456001,03456,Bad Bentheim,"Bad Bentheim, Stadt",Einheitsgemeinde,,2020,15770,Zensus 2011,False,Z100300G,01.11.2021,
456001,03456001,03456,Bad Bentheim,"Bad Bentheim, Stadt",Einheitsgemeinde,,2021,15948,Zensus 2011,False,Z100300G,01.11.2021,
456001,03456001,03456,Bad Bentheim,"Bad Bentheim, Stadt",Einheitsgemeinde,,2022,16605,Zensus 2022,True,Z100300G,01.11.2021,Ergebnis auf Basis Zensus 2022; 2022 und 2023 laut LSN auf Basis Zensus 2022 revidiert.
456001,03456001,03456,Bad Bentheim,"Bad Bentheim, Stadt",Einheitsgemeinde,,2023,16689,Zensus 2022,False,Z100300G,01.11.2021,Ergebnis auf Basis Zensus 2022; 2022 und 2023 laut LSN auf Basis Zensus 2022 revidiert.
456001,03456001,03456,Bad Bentheim,"Bad Bentheim, Stadt",Einheitsgemeinde,,2024,16798,Zensus 2022,False,Z100300G,01.11.2021,
456001,03456001,03456,Bad Bentheim,"Bad Bentheim, Stadt",Einheitsgemeinde,,2025,16676,Zensus 2022,False,Z100300G,01.11.2021,
456015,03456015,03456,Nordhorn,"Nordhorn, Stadt",Einheitsgemeinde,,1821,4167,Nach Uelschen,False,Z100300G,01.11.2021,
456015,03456015,03456,Nordhorn,"Nordhorn, Stadt",Einheitsgemeinde,,1848,4644,Nach Uelschen,False,Z100300G,01.11.2021,
456015,03456015,03456,Nordhorn,"Nordhorn, Stadt",Einheitsgemeinde,,1871,4707,Nach Uelschen,False,Z100300G,01.11.2021,
456015,03456015,03456,Nordhorn,"Nordhorn, Stadt",Einheitsgemeinde,,1885,4943,Nach Uelschen,False,Z100300G,01.11.2021,
456015,03456015,03456,Nordhorn,"Nordhorn, Stadt",Einheitsgemeinde,,1905,8032,Nach Uelschen,False,Z100300G,01.11.2021,
456015,03456015,03456,Nordhorn,"Nordhorn, Stadt",Einheitsgemeinde,,1925,14567,Nach Uelschen,False,Z100300G,01.11.2021,
456015,03456015,03456,Nordhorn,"Nordhorn, Stadt",Einheitsgemeinde,,1933,22415,Nach Uelschen,False,Z100300G,01.11.2021,
456015,03456015,03456,Nordhorn,"Nordhorn, Stadt",Einheitsgemeinde,,1939,26054,Nach Uelschen,False,Z100300G,01.11.2021,
456015,03456015,03456,Nordhorn,"Nordhorn, Stadt",Einheitsgemeinde,,1946,31542,Nach Uelschen,False,Z100300G,01.11.2021,
456015,03456015,03456,Nordhorn,"Nordhorn, Stadt",Einheitsgemeinde,,1950,36976,Nach Uelschen,False,Z100300G,01.11.2021,
456015,03456015,03456,Nordhorn,"Nordhorn, Stadt",Einheitsgemeinde,,1956,40757,Nach Uelschen,False,Z100300G,01.11.2021,
456015,03456015,03456,Nordhorn,"Nordhorn, Stadt",Einheitsgemeinde,,1961,43136,Nach Uelschen,False,Z100300G,01.11.2021,
456015,03456015,03456,Nordhorn,"Nordhorn, Stadt",Einheitsgemeinde,,1970,48945,Basis VZ70,True,Z100300G,01.11.2021,
456015,03456015,03456,Nordhorn,"Nordhorn, Stadt",Einheitsgemeinde,,1987,48409,Basis VZ87,True,Z100300G,01.11.2021,
456015,03456015,03456,Nordhorn,"Nordhorn, Stadt",Einheitsgemeinde,,1989,48861,Basis VZ87,False,Z100300G,01.11.2021,
456015,03456015,03456,Nordhorn,"Nordhorn, Stadt",Einheitsgemeinde,,2010,53052,Basis VZ87,False,Z100300G,01.11.2021,
456015,03456015,03456,Nordhorn,"Nordhorn, Stadt",Einheitsgemeinde,,2011,52085,Zensus 2011,True,Z100300G,01.11.2021,
456015,03456015,03456,Nordhorn,"Nordhorn, Stadt",Einheitsgemeinde,,2012,52380,Zensus 2011,False,Z100300G,01.11.2021,
456015,03456015,03456,Nordhorn,"Nordhorn, Stadt",Einheitsgemeinde,,2013,52298,Zensus 2011,False,Z100300G,01.11.2021,
456015,03456015,03456,Nordhorn,"Nordhorn, Stadt",Einheitsgemeinde,,2014,52579,Zensus 2011,False,Z100300G,01.11.2021,
456015,03456015,03456,Nordhorn,"Nordhorn, Stadt",Einheitsgemeinde,,2015,53285,Zensus 2011,False,Z100300G,01.11.2021,
456015,03456015,03456,Nordhorn,"Nordhorn, Stadt",Einheitsgemeinde,,2016,53286,Zensus 2011,False,Z100300G,01.11.2021,
456015,03456015,03456,Nordhorn,"Nordhorn, Stadt",Einheitsgemeinde,,2017,53278,Zensus 2011,False,Z100300G,01.11.2021,
456015,03456015,03456,Nordhorn,"Nordhorn, Stadt",Einheitsgemeinde,,2018,53403,Zensus 2011,False,Z100300G,01.11.2021,
456015,03456015,03456,Nordhorn,"Nordhorn, Stadt",Einheitsgemeinde,,2019,53711,Zensus 2011,False,Z100300G,01.11.2021,
456015,03456015,03456,Nordhorn,"Nordhorn, Stadt",Einheitsgemeinde,,2020,53839,Zensus 2011,False,Z100300G,01.11.2021,
456015,03456015,03456,Nordhorn,"Nordhorn, Stadt",Einheitsgemeinde,,2021,54162,Zensus 2011,False,Z100300G,01.11.2021,
456015,03456015,03456,Nordhorn,"Nordhorn, Stadt",Einheitsgemeinde,,2022,56281,Zensus 2022,True,Z100300G,01.11.2021,Ergebnis auf Basis Zensus 2022; 2022 und 2023 laut LSN auf Basis Zensus 2022 revidiert.
456015,03456015,03456,Nordhorn,"Nordhorn, Stadt",Einheitsgemeinde,,2023,56675,Zensus 2022,False,Z100300G,01.11.2021,Ergebnis auf Basis Zensus 2022; 2022 und 2023 laut LSN auf Basis Zensus 2022 revidiert.
456015,03456015,03456,Nordhorn,"Nordhorn, Stadt",Einheitsgemeinde,,2024,56973,Zensus 2022,False,Z100300G,01.11.2021,
456015,03456015,03456,Nordhorn,"Nordhorn, Stadt",Einheitsgemeinde,,2025,57372,Zensus 2022,False,Z100300G,01.11.2021,
456025,03456025,03456,Wietmarschen,Wietmarschen,Einheitsgemeinde,,1821,2252,Nach Uelschen,False,Z100300G,01.11.2021,
456025,03456025,03456,Wietmarschen,Wietmarschen,Einheitsgemeinde,,1848,2261,Nach Uelschen,False,Z100300G,01.11.2021,
456025,03456025,03456,Wietmarschen,Wietmarschen,Einheitsgemeinde,,1871,2303,Nach Uelschen,False,Z100300G,01.11.2021,
456025,03456025,03456,Wietmarschen,Wietmarschen,Einheitsgemeinde,,1885,2283,Nach Uelschen,False,Z100300G,01.11.2021,
456025,03456025,03456,Wietmarschen,Wietmarschen,Einheitsgemeinde,,1905,2574,Nach Uelschen,False,Z100300G,01.11.2021,
456025,03456025,03456,Wietmarschen,Wietmarschen,Einheitsgemeinde,,1925,3135,Nach Uelschen,False,Z100300G,01.11.2021,
456025,03456025,03456,Wietmarschen,Wietmarschen,Einheitsgemeinde,,1933,3489,Nach Uelschen,False,Z100300G,01.11.2021,
456025,03456025,03456,Wietmarschen,Wietmarschen,Einheitsgemeinde,,1939,3671,Nach Uelschen,False,Z100300G,01.11.2021,
456025,03456025,03456,Wietmarschen,Wietmarschen,Einheitsgemeinde,,1946,4819,Nach Uelschen,False,Z100300G,01.11.2021,
456025,03456025,03456,Wietmarschen,Wietmarschen,Einheitsgemeinde,,1950,5535,Nach Uelschen,False,Z100300G,01.11.2021,
456025,03456025,03456,Wietmarschen,Wietmarschen,Einheitsgemeinde,,1956,5655,Nach Uelschen,False,Z100300G,01.11.2021,
456025,03456025,03456,Wietmarschen,Wietmarschen,Einheitsgemeinde,,1961,6090,Nach Uelschen,False,Z100300G,01.11.2021,
456025,03456025,03456,Wietmarschen,Wietmarschen,Einheitsgemeinde,,1970,6506,Basis VZ70,True,Z100300G,01.11.2021,
456025,03456025,03456,Wietmarschen,Wietmarschen,Einheitsgemeinde,,1987,7752,Basis VZ87,True,Z100300G,01.11.2021,
456025,03456025,03456,Wietmarschen,Wietmarschen,Einheitsgemeinde,,1989,7830,Basis VZ87,False,Z100300G,01.11.2021,
456025,03456025,03456,Wietmarschen,Wietmarschen,Einheitsgemeinde,,2010,11474,Basis VZ87,False,Z100300G,01.11.2021,
456025,03456025,03456,Wietmarschen,Wietmarschen,Einheitsgemeinde,,2011,11423,Zensus 2011,True,Z100300G,01.11.2021,
456025,03456025,03456,Wietmarschen,Wietmarschen,Einheitsgemeinde,,2012,11586,Zensus 2011,False,Z100300G,01.11.2021,
456025,03456025,03456,Wietmarschen,Wietmarschen,Einheitsgemeinde,,2013,11710,Zensus 2011,False,Z100300G,01.11.2021,
456025,03456025,03456,Wietmarschen,Wietmarschen,Einheitsgemeinde,,2014,11765,Zensus 2011,False,Z100300G,01.11.2021,
456025,03456025,03456,Wietmarschen,Wietmarschen,Einheitsgemeinde,,2015,11863,Zensus 2011,False,Z100300G,01.11.2021,
456025,03456025,03456,Wietmarschen,Wietmarschen,Einheitsgemeinde,,2016,12019,Zensus 2011,False,Z100300G,01.11.2021,
456025,03456025,03456,Wietmarschen,Wietmarschen,Einheitsgemeinde,,2017,12166,Zensus 2011,False,Z100300G,01.11.2021,
456025,03456025,03456,Wietmarschen,Wietmarschen,Einheitsgemeinde,,2018,12220,Zensus 2011,False,Z100300G,01.11.2021,
456025,03456025,03456,Wietmarschen,Wietmarschen,Einheitsgemeinde,,2019,12336,Zensus 2011,False,Z100300G,01.11.2021,
456025,03456025,03456,Wietmarschen,Wietmarschen,Einheitsgemeinde,,2020,12421,Zensus 2011,False,Z100300G,01.11.2021,
456025,03456025,03456,Wietmarschen,Wietmarschen,Einheitsgemeinde,,2021,12507,Zensus 2011,False,Z100300G,01.11.2021,
456025,03456025,03456,Wietmarschen,Wietmarschen,Einheitsgemeinde,,2022,12948,Zensus 2022,True,Z100300G,01.11.2021,Ergebnis auf Basis Zensus 2022; 2022 und 2023 laut LSN auf Basis Zensus 2022 revidiert.
456025,03456025,03456,Wietmarschen,Wietmarschen,Einheitsgemeinde,,2023,12974,Zensus 2022,False,Z100300G,01.11.2021,Ergebnis auf Basis Zensus 2022; 2022 und 2023 laut LSN auf Basis Zensus 2022 revidiert.
456025,03456025,03456,Wietmarschen,Wietmarschen,Einheitsgemeinde,,2024,12959,Zensus 2022,False,Z100300G,01.11.2021,
456025,03456025,03456,Wietmarschen,Wietmarschen,Einheitsgemeinde,,2025,12929,Zensus 2022,False,Z100300G,01.11.2021,
456002,03456002,03456,Emlichheim,Emlichheim,Mitgliedsgemeinde,Emlichheim,1821,853,Nach Uelschen,False,Z100300G,01.11.2021,
456002,03456002,03456,Emlichheim,Emlichheim,Mitgliedsgemeinde,Emlichheim,1848,1057,Nach Uelschen,False,Z100300G,01.11.2021,
456002,03456002,03456,Emlichheim,Emlichheim,Mitgliedsgemeinde,Emlichheim,1871,1203,Nach Uelschen,False,Z100300G,01.11.2021,
456002,03456002,03456,Emlichheim,Emlichheim,Mitgliedsgemeinde,Emlichheim,1885,1354,Nach Uelschen,False,Z100300G,01.11.2021,
456002,03456002,03456,Emlichheim,Emlichheim,Mitgliedsgemeinde,Emlichheim,1905,1515,Nach Uelschen,False,Z100300G,01.11.2021,
456002,03456002,03456,Emlichheim,Emlichheim,Mitgliedsgemeinde,Emlichheim,1925,1734,Nach Uelschen,False,Z100300G,01.11.2021,
456002,03456002,03456,Emlichheim,Emlichheim,Mitgliedsgemeinde,Emlichheim,1933,2134,Nach Uelschen,False,Z100300G,01.11.2021,
456002,03456002,03456,Emlichheim,Emlichheim,Mitgliedsgemeinde,Emlichheim,1939,2550,Nach Uelschen,False,Z100300G,01.11.2021,
456002,03456002,03456,Emlichheim,Emlichheim,Mitgliedsgemeinde,Emlichheim,1946,3174,Nach Uelschen,False,Z100300G,01.11.2021,
456002,03456002,03456,Emlichheim,Emlichheim,Mitgliedsgemeinde,Emlichheim,1950,3979,Nach Uelschen,False,Z100300G,01.11.2021,
456002,03456002,03456,Emlichheim,Emlichheim,Mitgliedsgemeinde,Emlichheim,1956,4311,Nach Uelschen,False,Z100300G,01.11.2021,
456002,03456002,03456,Emlichheim,Emlichheim,Mitgliedsgemeinde,Emlichheim,1961,4703,Nach Uelschen,False,Z100300G,01.11.2021,
456002,03456002,03456,Emlichheim,Emlichheim,Mitgliedsgemeinde,Emlichheim,1970,5432,Basis VZ70,True,Z100300G,01.11.2021,
456002,03456002,03456,Emlichheim,Emlichheim,Mitgliedsgemeinde,Emlichheim,1987,6123,Basis VZ87,True,Z100300G,01.11.2021,
456002,03456002,03456,Emlichheim,Emlichheim,Mitgliedsgemeinde,Emlichheim,1989,6156,Basis VZ87,False,Z100300G,01.11.2021,
456002,03456002,03456,Emlichheim,Emlichheim,Mitgliedsgemeinde,Emlichheim,2010,7007,Basis VZ87,False,Z100300G,01.11.2021,
456002,03456002,03456,Emlichheim,Emlichheim,Mitgliedsgemeinde,Emlichheim,2011,7074,Zensus 2011,True,Z100300G,01.11.2021,
456002,03456002,03456,Emlichheim,Emlichheim,Mitgliedsgemeinde,Emlichheim,2012,7147,Zensus 2011,False,Z100300G,01.11.2021,
456002,03456002,03456,Emlichheim,Emlichheim,Mitgliedsgemeinde,Emlichheim,2013,7195,Zensus 2011,False,Z100300G,01.11.2021,
456002,03456002,03456,Emlichheim,Emlichheim,Mitgliedsgemeinde,Emlichheim,2014,7288,Zensus 2011,False,Z100300G,01.11.2021,
456002,03456002,03456,Emlichheim,Emlichheim,Mitgliedsgemeinde,Emlichheim,2015,7393,Zensus 2011,False,Z100300G,01.11.2021,
456002,03456002,03456,Emlichheim,Emlichheim,Mitgliedsgemeinde,Emlichheim,2016,7329,Zensus 2011,False,Z100300G,01.11.2021,
456002,03456002,03456,Emlichheim,Emlichheim,Mitgliedsgemeinde,Emlichheim,2017,7282,Zensus 2011,False,Z100300G,01.11.2021,
456002,03456002,03456,Emlichheim,Emlichheim,Mitgliedsgemeinde,Emlichheim,2018,7276,Zensus 2011,False,Z100300G,01.11.2021,
456002,03456002,03456,Emlichheim,Emlichheim,Mitgliedsgemeinde,Emlichheim,2019,7312,Zensus 2011,False,Z100300G,01.11.2021,
456002,03456002,03456,Emlichheim,Emlichheim,Mitgliedsgemeinde,Emlichheim,2020,7355,Zensus 2011,False,Z100300G,01.11.2021,
456002,03456002,03456,Emlichheim,Emlichheim,Mitgliedsgemeinde,Emlichheim,2021,7441,Zensus 2011,False,Z100300G,01.11.2021,
456002,03456002,03456,Emlichheim,Emlichheim,Mitgliedsgemeinde,Emlichheim,2022,7611,Zensus 2022,True,Z100300G,01.11.2021,Ergebnis auf Basis Zensus 2022; 2022 und 2023 laut LSN auf Basis Zensus 2022 revidiert.
456002,03456002,03456,Emlichheim,Emlichheim,Mitgliedsgemeinde,Emlichheim,2023,7650,Zensus 2022,False,Z100300G,01.11.2021,Ergebnis auf Basis Zensus 2022; 2022 und 2023 laut LSN auf Basis Zensus 2022 revidiert.
456002,03456002,03456,Emlichheim,Emlichheim,Mitgliedsgemeinde,Emlichheim,2024,7691,Zensus 2022,False,Z100300G,01.11.2021,
456002,03456002,03456,Emlichheim,Emlichheim,Mitgliedsgemeinde,Emlichheim,2025,7744,Zensus 2022,False,Z100300G,01.11.2021,
456009,03456009,03456,Hoogstede,Hoogstede,Mitgliedsgemeinde,Emlichheim,1821,887,Nach Uelschen,False,Z100300G,01.11.2021,
456009,03456009,03456,Hoogstede,Hoogstede,Mitgliedsgemeinde,Emlichheim,1848,1197,Nach Uelschen,False,Z100300G,01.11.2021,
456009,03456009,03456,Hoogstede,Hoogstede,Mitgliedsgemeinde,Emlichheim,1871,1368,Nach Uelschen,False,Z100300G,01.11.2021,
456009,03456009,03456,Hoogstede,Hoogstede,Mitgliedsgemeinde,Emlichheim,1885,1290,Nach Uelschen,False,Z100300G,01.11.2021,
456009,03456009,03456,Hoogstede,Hoogstede,Mitgliedsgemeinde,Emlichheim,1905,1256,Nach Uelschen,False,Z100300G,01.11.2021,
456009,03456009,03456,Hoogstede,Hoogstede,Mitgliedsgemeinde,Emlichheim,1925,1493,Nach Uelschen,False,Z100300G,01.11.2021,
456009,03456009,03456,Hoogstede,Hoogstede,Mitgliedsgemeinde,Emlichheim,1933,1583,Nach Uelschen,False,Z100300G,01.11.2021,
456009,03456009,03456,Hoogstede,Hoogstede,Mitgliedsgemeinde,Emlichheim,1939,1818,Nach Uelschen,False,Z100300G,01.11.2021,
456009,03456009,03456,Hoogstede,Hoogstede,Mitgliedsgemeinde,Emlichheim,1946,2090,Nach Uelschen,False,Z100300G,01.11.2021,
456009,03456009,03456,Hoogstede,Hoogstede,Mitgliedsgemeinde,Emlichheim,1950,2626,Nach Uelschen,False,Z100300G,01.11.2021,
456009,03456009,03456,Hoogstede,Hoogstede,Mitgliedsgemeinde,Emlichheim,1956,2396,Nach Uelschen,False,Z100300G,01.11.2021,
456009,03456009,03456,Hoogstede,Hoogstede,Mitgliedsgemeinde,Emlichheim,1961,2362,Nach Uelschen,False,Z100300G,01.11.2021,
456009,03456009,03456,Hoogstede,Hoogstede,Mitgliedsgemeinde,Emlichheim,1970,2569,Basis VZ70,True,Z100300G,01.11.2021,
456009,03456009,03456,Hoogstede,Hoogstede,Mitgliedsgemeinde,Emlichheim,1987,2624,Basis VZ87,True,Z100300G,01.11.2021,
456009,03456009,03456,Hoogstede,Hoogstede,Mitgliedsgemeinde,Emlichheim,1989,2666,Basis VZ87,False,Z100300G,01.11.2021,
456009,03456009,03456,Hoogstede,Hoogstede,Mitgliedsgemeinde,Emlichheim,2010,2884,Basis VZ87,False,Z100300G,01.11.2021,
456009,03456009,03456,Hoogstede,Hoogstede,Mitgliedsgemeinde,Emlichheim,2011,2895,Zensus 2011,True,Z100300G,01.11.2021,
456009,03456009,03456,Hoogstede,Hoogstede,Mitgliedsgemeinde,Emlichheim,2012,2882,Zensus 2011,False,Z100300G,01.11.2021,
456009,03456009,03456,Hoogstede,Hoogstede,Mitgliedsgemeinde,Emlichheim,2013,2891,Zensus 2011,False,Z100300G,01.11.2021,
456009,03456009,03456,Hoogstede,Hoogstede,Mitgliedsgemeinde,Emlichheim,2014,2883,Zensus 2011,False,Z100300G,01.11.2021,
456009,03456009,03456,Hoogstede,Hoogstede,Mitgliedsgemeinde,Emlichheim,2015,2881,Zensus 2011,False,Z100300G,01.11.2021,
456009,03456009,03456,Hoogstede,Hoogstede,Mitgliedsgemeinde,Emlichheim,2016,2870,Zensus 2011,False,Z100300G,01.11.2021,
456009,03456009,03456,Hoogstede,Hoogstede,Mitgliedsgemeinde,Emlichheim,2017,2871,Zensus 2011,False,Z100300G,01.11.2021,
456009,03456009,03456,Hoogstede,Hoogstede,Mitgliedsgemeinde,Emlichheim,2018,2857,Zensus 2011,False,Z100300G,01.11.2021,
456009,03456009,03456,Hoogstede,Hoogstede,Mitgliedsgemeinde,Emlichheim,2019,2844,Zensus 2011,False,Z100300G,01.11.2021,
456009,03456009,03456,Hoogstede,Hoogstede,Mitgliedsgemeinde,Emlichheim,2020,2874,Zensus 2011,False,Z100300G,01.11.2021,
456009,03456009,03456,Hoogstede,Hoogstede,Mitgliedsgemeinde,Emlichheim,2021,2907,Zensus 2011,False,Z100300G,01.11.2021,
456009,03456009,03456,Hoogstede,Hoogstede,Mitgliedsgemeinde,Emlichheim,2022,2865,Zensus 2022,True,Z100300G,01.11.2021,Ergebnis auf Basis Zensus 2022; 2022 und 2023 laut LSN auf Basis Zensus 2022 revidiert.
456009,03456009,03456,Hoogstede,Hoogstede,Mitgliedsgemeinde,Emlichheim,2023,2903,Zensus 2022,False,Z100300G,01.11.2021,Ergebnis auf Basis Zensus 2022; 2022 und 2023 laut LSN auf Basis Zensus 2022 revidiert.
456009,03456009,03456,Hoogstede,Hoogstede,Mitgliedsgemeinde,Emlichheim,2024,2898,Zensus 2022,False,Z100300G,01.11.2021,
456009,03456009,03456,Hoogstede,Hoogstede,Mitgliedsgemeinde,Emlichheim,2025,2888,Zensus 2022,False,Z100300G,01.11.2021,
456012,03456012,03456,Laar,Laar,Mitgliedsgemeinde,Emlichheim,1821,1062,Nach Uelschen,False,Z100300G,01.11.2021,
456012,03456012,03456,Laar,Laar,Mitgliedsgemeinde,Emlichheim,1848,1338,Nach Uelschen,False,Z100300G,01.11.2021,
456012,03456012,03456,Laar,Laar,Mitgliedsgemeinde,Emlichheim,1871,1343,Nach Uelschen,False,Z100300G,01.11.2021,
456012,03456012,03456,Laar,Laar,Mitgliedsgemeinde,Emlichheim,1885,1261,Nach Uelschen,False,Z100300G,01.11.2021,
456012,03456012,03456,Laar,Laar,Mitgliedsgemeinde,Emlichheim,1905,1313,Nach Uelschen,False,Z100300G,01.11.2021,
456012,03456012,03456,Laar,Laar,Mitgliedsgemeinde,Emlichheim,1925,1549,Nach Uelschen,False,Z100300G,01.11.2021,
456012,03456012,03456,Laar,Laar,Mitgliedsgemeinde,Emlichheim,1933,1731,Nach Uelschen,False,Z100300G,01.11.2021,
456012,03456012,03456,Laar,Laar,Mitgliedsgemeinde,Emlichheim,1939,2229,Nach Uelschen,False,Z100300G,01.11.2021,
456012,03456012,03456,Laar,Laar,Mitgliedsgemeinde,Emlichheim,1946,2309,Nach Uelschen,False,Z100300G,01.11.2021,
456012,03456012,03456,Laar,Laar,Mitgliedsgemeinde,Emlichheim,1950,2465,Nach Uelschen,False,Z100300G,01.11.2021,
456012,03456012,03456,Laar,Laar,Mitgliedsgemeinde,Emlichheim,1956,2152,Nach Uelschen,False,Z100300G,01.11.2021,
456012,03456012,03456,Laar,Laar,Mitgliedsgemeinde,Emlichheim,1961,2211,Nach Uelschen,False,Z100300G,01.11.2021,
456012,03456012,03456,Laar,Laar,Mitgliedsgemeinde,Emlichheim,1970,2211,Basis VZ70,True,Z100300G,01.11.2021,
456012,03456012,03456,Laar,Laar,Mitgliedsgemeinde,Emlichheim,1987,2109,Basis VZ87,True,Z100300G,01.11.2021,
456012,03456012,03456,Laar,Laar,Mitgliedsgemeinde,Emlichheim,1989,2084,Basis VZ87,False,Z100300G,01.11.2021,
456012,03456012,03456,Laar,Laar,Mitgliedsgemeinde,Emlichheim,2010,2169,Basis VZ87,False,Z100300G,01.11.2021,
456012,03456012,03456,Laar,Laar,Mitgliedsgemeinde,Emlichheim,2011,2165,Zensus 2011,True,Z100300G,01.11.2021,
456012,03456012,03456,Laar,Laar,Mitgliedsgemeinde,Emlichheim,2012,2149,Zensus 2011,False,Z100300G,01.11.2021,
456012,03456012,03456,Laar,Laar,Mitgliedsgemeinde,Emlichheim,2013,2123,Zensus 2011,False,Z100300G,01.11.2021,
456012,03456012,03456,Laar,Laar,Mitgliedsgemeinde,Emlichheim,2014,2176,Zensus 2011,False,Z100300G,01.11.2021,
456012,03456012,03456,Laar,Laar,Mitgliedsgemeinde,Emlichheim,2015,2168,Zensus 2011,False,Z100300G,01.11.2021,
456012,03456012,03456,Laar,Laar,Mitgliedsgemeinde,Emlichheim,2016,2133,Zensus 2011,False,Z100300G,01.11.2021,
456012,03456012,03456,Laar,Laar,Mitgliedsgemeinde,Emlichheim,2017,2115,Zensus 2011,False,Z100300G,01.11.2021,
456012,03456012,03456,Laar,Laar,Mitgliedsgemeinde,Emlichheim,2018,2139,Zensus 2011,False,Z100300G,01.11.2021,
456012,03456012,03456,Laar,Laar,Mitgliedsgemeinde,Emlichheim,2019,2129,Zensus 2011,False,Z100300G,01.11.2021,
456012,03456012,03456,Laar,Laar,Mitgliedsgemeinde,Emlichheim,2020,2126,Zensus 2011,False,Z100300G,01.11.2021,
456012,03456012,03456,Laar,Laar,Mitgliedsgemeinde,Emlichheim,2021,2109,Zensus 2011,False,Z100300G,01.11.2021,
456012,03456012,03456,Laar,Laar,Mitgliedsgemeinde,Emlichheim,2022,2098,Zensus 2022,True,Z100300G,01.11.2021,Ergebnis auf Basis Zensus 2022; 2022 und 2023 laut LSN auf Basis Zensus 2022 revidiert.
456012,03456012,03456,Laar,Laar,Mitgliedsgemeinde,Emlichheim,2023,2063,Zensus 2022,False,Z100300G,01.11.2021,Ergebnis auf Basis Zensus 2022; 2022 und 2023 laut LSN auf Basis Zensus 2022 revidiert.
456012,03456012,03456,Laar,Laar,Mitgliedsgemeinde,Emlichheim,2024,2050,Zensus 2022,False,Z100300G,01.11.2021,
456012,03456012,03456,Laar,Laar,Mitgliedsgemeinde,Emlichheim,2025,2050,Zensus 2022,False,Z100300G,01.11.2021,
456019,03456019,03456,Ringe,Ringe,Mitgliedsgemeinde,Emlichheim,1821,459,Nach Uelschen,False,Z100300G,01.11.2021,
456019,03456019,03456,Ringe,Ringe,Mitgliedsgemeinde,Emlichheim,1848,576,Nach Uelschen,False,Z100300G,01.11.2021,
456019,03456019,03456,Ringe,Ringe,Mitgliedsgemeinde,Emlichheim,1871,684,Nach Uelschen,False,Z100300G,01.11.2021,
456019,03456019,03456,Ringe,Ringe,Mitgliedsgemeinde,Emlichheim,1885,869,Nach Uelschen,False,Z100300G,01.11.2021,
456019,03456019,03456,Ringe,Ringe,Mitgliedsgemeinde,Emlichheim,1905,928,Nach Uelschen,False,Z100300G,01.11.2021,
456019,03456019,03456,Ringe,Ringe,Mitgliedsgemeinde,Emlichheim,1925,970,Nach Uelschen,False,Z100300G,01.11.2021,
456019,03456019,03456,Ringe,Ringe,Mitgliedsgemeinde,Emlichheim,1933,969,Nach Uelschen,False,Z100300G,01.11.2021,
456019,03456019,03456,Ringe,Ringe,Mitgliedsgemeinde,Emlichheim,1939,1007,Nach Uelschen,False,Z100300G,01.11.2021,
456019,03456019,03456,Ringe,Ringe,Mitgliedsgemeinde,Emlichheim,1946,1840,Nach Uelschen,False,Z100300G,01.11.2021,
456019,03456019,03456,Ringe,Ringe,Mitgliedsgemeinde,Emlichheim,1950,2299,Nach Uelschen,False,Z100300G,01.11.2021,
456019,03456019,03456,Ringe,Ringe,Mitgliedsgemeinde,Emlichheim,1956,2026,Nach Uelschen,False,Z100300G,01.11.2021,
456019,03456019,03456,Ringe,Ringe,Mitgliedsgemeinde,Emlichheim,1961,1926,Nach Uelschen,False,Z100300G,01.11.2021,
456019,03456019,03456,Ringe,Ringe,Mitgliedsgemeinde,Emlichheim,1970,2011,Basis VZ70,True,Z100300G,01.11.2021,
456019,03456019,03456,Ringe,Ringe,Mitgliedsgemeinde,Emlichheim,1987,1835,Basis VZ87,True,Z100300G,01.11.2021,
456019,03456019,03456,Ringe,Ringe,Mitgliedsgemeinde,Emlichheim,1989,1852,Basis VZ87,False,Z100300G,01.11.2021,
456019,03456019,03456,Ringe,Ringe,Mitgliedsgemeinde,Emlichheim,2010,2181,Basis VZ87,False,Z100300G,01.11.2021,
456019,03456019,03456,Ringe,Ringe,Mitgliedsgemeinde,Emlichheim,2011,2116,Zensus 2011,True,Z100300G,01.11.2021,
456019,03456019,03456,Ringe,Ringe,Mitgliedsgemeinde,Emlichheim,2012,2111,Zensus 2011,False,Z100300G,01.11.2021,
456019,03456019,03456,Ringe,Ringe,Mitgliedsgemeinde,Emlichheim,2013,2093,Zensus 2011,False,Z100300G,01.11.2021,
456019,03456019,03456,Ringe,Ringe,Mitgliedsgemeinde,Emlichheim,2014,2081,Zensus 2011,False,Z100300G,01.11.2021,
456019,03456019,03456,Ringe,Ringe,Mitgliedsgemeinde,Emlichheim,2015,2083,Zensus 2011,False,Z100300G,01.11.2021,
456019,03456019,03456,Ringe,Ringe,Mitgliedsgemeinde,Emlichheim,2016,2065,Zensus 2011,False,Z100300G,01.11.2021,
456019,03456019,03456,Ringe,Ringe,Mitgliedsgemeinde,Emlichheim,2017,2053,Zensus 2011,False,Z100300G,01.11.2021,
456019,03456019,03456,Ringe,Ringe,Mitgliedsgemeinde,Emlichheim,2018,2032,Zensus 2011,False,Z100300G,01.11.2021,
456019,03456019,03456,Ringe,Ringe,Mitgliedsgemeinde,Emlichheim,2019,2014,Zensus 2011,False,Z100300G,01.11.2021,
456019,03456019,03456,Ringe,Ringe,Mitgliedsgemeinde,Emlichheim,2020,1969,Zensus 2011,False,Z100300G,01.11.2021,
456019,03456019,03456,Ringe,Ringe,Mitgliedsgemeinde,Emlichheim,2021,1973,Zensus 2011,False,Z100300G,01.11.2021,
456019,03456019,03456,Ringe,Ringe,Mitgliedsgemeinde,Emlichheim,2022,1996,Zensus 2022,True,Z100300G,01.11.2021,Ergebnis auf Basis Zensus 2022; 2022 und 2023 laut LSN auf Basis Zensus 2022 revidiert.
456019,03456019,03456,Ringe,Ringe,Mitgliedsgemeinde,Emlichheim,2023,1984,Zensus 2022,False,Z100300G,01.11.2021,Ergebnis auf Basis Zensus 2022; 2022 und 2023 laut LSN auf Basis Zensus 2022 revidiert.
456019,03456019,03456,Ringe,Ringe,Mitgliedsgemeinde,Emlichheim,2024,1956,Zensus 2022,False,Z100300G,01.11.2021,
456019,03456019,03456,Ringe,Ringe,Mitgliedsgemeinde,Emlichheim,2025,1938,Zensus 2022,False,Z100300G,01.11.2021,
456004,03456004,03456,Esche,Esche,Mitgliedsgemeinde,Neuenhaus,1821,421,Nach Uelschen,False,Z100300G,01.11.2021,
456004,03456004,03456,Esche,Esche,Mitgliedsgemeinde,Neuenhaus,1848,466,Nach Uelschen,False,Z100300G,01.11.2021,
456004,03456004,03456,Esche,Esche,Mitgliedsgemeinde,Neuenhaus,1871,446,Nach Uelschen,False,Z100300G,01.11.2021,
456004,03456004,03456,Esche,Esche,Mitgliedsgemeinde,Neuenhaus,1885,404,Nach Uelschen,False,Z100300G,01.11.2021,
456004,03456004,03456,Esche,Esche,Mitgliedsgemeinde,Neuenhaus,1905,414,Nach Uelschen,False,Z100300G,01.11.2021,
456004,03456004,03456,Esche,Esche,Mitgliedsgemeinde,Neuenhaus,1925,501,Nach Uelschen,False,Z100300G,01.11.2021,
456004,03456004,03456,Esche,Esche,Mitgliedsgemeinde,Neuenhaus,1933,507,Nach Uelschen,False,Z100300G,01.11.2021,
456004,03456004,03456,Esche,Esche,Mitgliedsgemeinde,Neuenhaus,1939,504,Nach Uelschen,False,Z100300G,01.11.2021,
456004,03456004,03456,Esche,Esche,Mitgliedsgemeinde,Neuenhaus,1946,579,Nach Uelschen,False,Z100300G,01.11.2021,
456004,03456004,03456,Esche,Esche,Mitgliedsgemeinde,Neuenhaus,1950,601,Nach Uelschen,False,Z100300G,01.11.2021,
456004,03456004,03456,Esche,Esche,Mitgliedsgemeinde,Neuenhaus,1956,552,Nach Uelschen,False,Z100300G,01.11.2021,
456004,03456004,03456,Esche,Esche,Mitgliedsgemeinde,Neuenhaus,1961,539,Nach Uelschen,False,Z100300G,01.11.2021,
456004,03456004,03456,Esche,Esche,Mitgliedsgemeinde,Neuenhaus,1970,534,Basis VZ70,True,Z100300G,01.11.2021,
456004,03456004,03456,Esche,Esche,Mitgliedsgemeinde,Neuenhaus,1987,491,Basis VZ87,True,Z100300G,01.11.2021,
456004,03456004,03456,Esche,Esche,Mitgliedsgemeinde,Neuenhaus,1989,511,Basis VZ87,False,Z100300G,01.11.2021,
456004,03456004,03456,Esche,Esche,Mitgliedsgemeinde,Neuenhaus,2010,563,Basis VZ87,False,Z100300G,01.11.2021,
456004,03456004,03456,Esche,Esche,Mitgliedsgemeinde,Neuenhaus,2011,578,Zensus 2011,True,Z100300G,01.11.2021,
456004,03456004,03456,Esche,Esche,Mitgliedsgemeinde,Neuenhaus,2012,575,Zensus 2011,False,Z100300G,01.11.2021,
456004,03456004,03456,Esche,Esche,Mitgliedsgemeinde,Neuenhaus,2013,567,Zensus 2011,False,Z100300G,01.11.2021,
456004,03456004,03456,Esche,Esche,Mitgliedsgemeinde,Neuenhaus,2014,573,Zensus 2011,False,Z100300G,01.11.2021,
456004,03456004,03456,Esche,Esche,Mitgliedsgemeinde,Neuenhaus,2015,556,Zensus 2011,False,Z100300G,01.11.2021,
456004,03456004,03456,Esche,Esche,Mitgliedsgemeinde,Neuenhaus,2016,555,Zensus 2011,False,Z100300G,01.11.2021,
456004,03456004,03456,Esche,Esche,Mitgliedsgemeinde,Neuenhaus,2017,554,Zensus 2011,False,Z100300G,01.11.2021,
456004,03456004,03456,Esche,Esche,Mitgliedsgemeinde,Neuenhaus,2018,564,Zensus 2011,False,Z100300G,01.11.2021,
456004,03456004,03456,Esche,Esche,Mitgliedsgemeinde,Neuenhaus,2019,579,Zensus 2011,False,Z100300G,01.11.2021,
456004,03456004,03456,Esche,Esche,Mitgliedsgemeinde,Neuenhaus,2020,567,Zensus 2011,False,Z100300G,01.11.2021,
456004,03456004,03456,Esche,Esche,Mitgliedsgemeinde,Neuenhaus,2021,577,Zensus 2011,False,Z100300G,01.11.2021,
456004,03456004,03456,Esche,Esche,Mitgliedsgemeinde,Neuenhaus,2022,603,Zensus 2022,True,Z100300G,01.11.2021,Ergebnis auf Basis Zensus 2022; 2022 und 2023 laut LSN auf Basis Zensus 2022 revidiert.
456004,03456004,03456,Esche,Esche,Mitgliedsgemeinde,Neuenhaus,2023,607,Zensus 2022,False,Z100300G,01.11.2021,Ergebnis auf Basis Zensus 2022; 2022 und 2023 laut LSN auf Basis Zensus 2022 revidiert.
456004,03456004,03456,Esche,Esche,Mitgliedsgemeinde,Neuenhaus,2024,610,Zensus 2022,False,Z100300G,01.11.2021,
456004,03456004,03456,Esche,Esche,Mitgliedsgemeinde,Neuenhaus,2025,616,Zensus 2022,False,Z100300G,01.11.2021,
456005,03456005,03456,Georgsdorf,Georgsdorf,Mitgliedsgemeinde,Neuenhaus,1821,265,Nach Uelschen,False,Z100300G,01.11.2021,
456005,03456005,03456,Georgsdorf,Georgsdorf,Mitgliedsgemeinde,Neuenhaus,1848,381,Nach Uelschen,False,Z100300G,01.11.2021,
456005,03456005,03456,Georgsdorf,Georgsdorf,Mitgliedsgemeinde,Neuenhaus,1871,525,Nach Uelschen,False,Z100300G,01.11.2021,
456005,03456005,03456,Georgsdorf,Georgsdorf,Mitgliedsgemeinde,Neuenhaus,1885,538,Nach Uelschen,False,Z100300G,01.11.2021,
456005,03456005,03456,Georgsdorf,Georgsdorf,Mitgliedsgemeinde,Neuenhaus,1905,633,Nach Uelschen,False,Z100300G,01.11.2021,
456005,03456005,03456,Georgsdorf,Georgsdorf,Mitgliedsgemeinde,Neuenhaus,1925,727,Nach Uelschen,False,Z100300G,01.11.2021,
456005,03456005,03456,Georgsdorf,Georgsdorf,Mitgliedsgemeinde,Neuenhaus,1933,612,Nach Uelschen,False,Z100300G,01.11.2021,
456005,03456005,03456,Georgsdorf,Georgsdorf,Mitgliedsgemeinde,Neuenhaus,1939,637,Nach Uelschen,False,Z100300G,01.11.2021,
456005,03456005,03456,Georgsdorf,Georgsdorf,Mitgliedsgemeinde,Neuenhaus,1946,742,Nach Uelschen,False,Z100300G,01.11.2021,
456005,03456005,03456,Georgsdorf,Georgsdorf,Mitgliedsgemeinde,Neuenhaus,1950,827,Nach Uelschen,False,Z100300G,01.11.2021,
456005,03456005,03456,Georgsdorf,Georgsdorf,Mitgliedsgemeinde,Neuenhaus,1956,793,Nach Uelschen,False,Z100300G,01.11.2021,
456005,03456005,03456,Georgsdorf,Georgsdorf,Mitgliedsgemeinde,Neuenhaus,1961,804,Nach Uelschen,False,Z100300G,01.11.2021,
456005,03456005,03456,Georgsdorf,Georgsdorf,Mitgliedsgemeinde,Neuenhaus,1970,944,Basis VZ70,True,Z100300G,01.11.2021,
456005,03456005,03456,Georgsdorf,Georgsdorf,Mitgliedsgemeinde,Neuenhaus,1987,1105,Basis VZ87,True,Z100300G,01.11.2021,
456005,03456005,03456,Georgsdorf,Georgsdorf,Mitgliedsgemeinde,Neuenhaus,1989,1141,Basis VZ87,False,Z100300G,01.11.2021,
456005,03456005,03456,Georgsdorf,Georgsdorf,Mitgliedsgemeinde,Neuenhaus,2010,1305,Basis VZ87,False,Z100300G,01.11.2021,
456005,03456005,03456,Georgsdorf,Georgsdorf,Mitgliedsgemeinde,Neuenhaus,2011,1312,Zensus 2011,True,Z100300G,01.11.2021,
456005,03456005,03456,Georgsdorf,Georgsdorf,Mitgliedsgemeinde,Neuenhaus,2012,1303,Zensus 2011,False,Z100300G,01.11.2021,
456005,03456005,03456,Georgsdorf,Georgsdorf,Mitgliedsgemeinde,Neuenhaus,2013,1263,Zensus 2011,False,Z100300G,01.11.2021,
456005,03456005,03456,Georgsdorf,Georgsdorf,Mitgliedsgemeinde,Neuenhaus,2014,1280,Zensus 2011,False,Z100300G,01.11.2021,
456005,03456005,03456,Georgsdorf,Georgsdorf,Mitgliedsgemeinde,Neuenhaus,2015,1251,Zensus 2011,False,Z100300G,01.11.2021,
456005,03456005,03456,Georgsdorf,Georgsdorf,Mitgliedsgemeinde,Neuenhaus,2016,1230,Zensus 2011,False,Z100300G,01.11.2021,
456005,03456005,03456,Georgsdorf,Georgsdorf,Mitgliedsgemeinde,Neuenhaus,2017,1214,Zensus 2011,False,Z100300G,01.11.2021,
456005,03456005,03456,Georgsdorf,Georgsdorf,Mitgliedsgemeinde,Neuenhaus,2018,1211,Zensus 2011,False,Z100300G,01.11.2021,
456005,03456005,03456,Georgsdorf,Georgsdorf,Mitgliedsgemeinde,Neuenhaus,2019,1216,Zensus 2011,False,Z100300G,01.11.2021,
456005,03456005,03456,Georgsdorf,Georgsdorf,Mitgliedsgemeinde,Neuenhaus,2020,1205,Zensus 2011,False,Z100300G,01.11.2021,
456005,03456005,03456,Georgsdorf,Georgsdorf,Mitgliedsgemeinde,Neuenhaus,2021,1225,Zensus 2011,False,Z100300G,01.11.2021,
456005,03456005,03456,Georgsdorf,Georgsdorf,Mitgliedsgemeinde,Neuenhaus,2022,1277,Zensus 2022,True,Z100300G,01.11.2021,Ergebnis auf Basis Zensus 2022; 2022 und 2023 laut LSN auf Basis Zensus 2022 revidiert.
456005,03456005,03456,Georgsdorf,Georgsdorf,Mitgliedsgemeinde,Neuenhaus,2023,1259,Zensus 2022,False,Z100300G,01.11.2021,Ergebnis auf Basis Zensus 2022; 2022 und 2023 laut LSN auf Basis Zensus 2022 revidiert.
456005,03456005,03456,Georgsdorf,Georgsdorf,Mitgliedsgemeinde,Neuenhaus,2024,1266,Zensus 2022,False,Z100300G,01.11.2021,
456005,03456005,03456,Georgsdorf,Georgsdorf,Mitgliedsgemeinde,Neuenhaus,2025,1286,Zensus 2022,False,Z100300G,01.11.2021,
456013,03456013,03456,Lage,Lage,Mitgliedsgemeinde,Neuenhaus,1821,407,Nach Uelschen,False,Z100300G,01.11.2021,
456013,03456013,03456,Lage,Lage,Mitgliedsgemeinde,Neuenhaus,1848,487,Nach Uelschen,False,Z100300G,01.11.2021,
456013,03456013,03456,Lage,Lage,Mitgliedsgemeinde,Neuenhaus,1871,473,Nach Uelschen,False,Z100300G,01.11.2021,
456013,03456013,03456,Lage,Lage,Mitgliedsgemeinde,Neuenhaus,1885,393,Nach Uelschen,False,Z100300G,01.11.2021,
456013,03456013,03456,Lage,Lage,Mitgliedsgemeinde,Neuenhaus,1905,434,Nach Uelschen,False,Z100300G,01.11.2021,
456013,03456013,03456,Lage,Lage,Mitgliedsgemeinde,Neuenhaus,1925,459,Nach Uelschen,False,Z100300G,01.11.2021,
456013,03456013,03456,Lage,Lage,Mitgliedsgemeinde,Neuenhaus,1933,481,Nach Uelschen,False,Z100300G,01.11.2021,
456013,03456013,03456,Lage,Lage,Mitgliedsgemeinde,Neuenhaus,1939,475,Nach Uelschen,False,Z100300G,01.11.2021,
456013,03456013,03456,Lage,Lage,Mitgliedsgemeinde,Neuenhaus,1946,586,Nach Uelschen,False,Z100300G,01.11.2021,
456013,03456013,03456,Lage,Lage,Mitgliedsgemeinde,Neuenhaus,1950,603,Nach Uelschen,False,Z100300G,01.11.2021,
456013,03456013,03456,Lage,Lage,Mitgliedsgemeinde,Neuenhaus,1956,560,Nach Uelschen,False,Z100300G,01.11.2021,
456013,03456013,03456,Lage,Lage,Mitgliedsgemeinde,Neuenhaus,1961,573,Nach Uelschen,False,Z100300G,01.11.2021,
456013,03456013,03456,Lage,Lage,Mitgliedsgemeinde,Neuenhaus,1970,760,Basis VZ70,True,Z100300G,01.11.2021,
456013,03456013,03456,Lage,Lage,Mitgliedsgemeinde,Neuenhaus,1987,937,Basis VZ87,True,Z100300G,01.11.2021,
456013,03456013,03456,Lage,Lage,Mitgliedsgemeinde,Neuenhaus,1989,920,Basis VZ87,False,Z100300G,01.11.2021,
456013,03456013,03456,Lage,Lage,Mitgliedsgemeinde,Neuenhaus,2010,1014,Basis VZ87,False,Z100300G,01.11.2021,
456013,03456013,03456,Lage,Lage,Mitgliedsgemeinde,Neuenhaus,2011,1093,Zensus 2011,True,Z100300G,01.11.2021,
456013,03456013,03456,Lage,Lage,Mitgliedsgemeinde,Neuenhaus,2012,1078,Zensus 2011,False,Z100300G,01.11.2021,
456013,03456013,03456,Lage,Lage,Mitgliedsgemeinde,Neuenhaus,2013,1057,Zensus 2011,False,Z100300G,01.11.2021,
456013,03456013,03456,Lage,Lage,Mitgliedsgemeinde,Neuenhaus,2014,1059,Zensus 2011,False,Z100300G,01.11.2021,
456013,03456013,03456,Lage,Lage,Mitgliedsgemeinde,Neuenhaus,2015,1064,Zensus 2011,False,Z100300G,01.11.2021,
456013,03456013,03456,Lage,Lage,Mitgliedsgemeinde,Neuenhaus,2016,1063,Zensus 2011,False,Z100300G,01.11.2021,
456013,03456013,03456,Lage,Lage,Mitgliedsgemeinde,Neuenhaus,2017,1053,Zensus 2011,False,Z100300G,01.11.2021,
456013,03456013,03456,Lage,Lage,Mitgliedsgemeinde,Neuenhaus,2018,1048,Zensus 2011,False,Z100300G,01.11.2021,
456013,03456013,03456,Lage,Lage,Mitgliedsgemeinde,Neuenhaus,2019,1029,Zensus 2011,False,Z100300G,01.11.2021,
456013,03456013,03456,Lage,Lage,Mitgliedsgemeinde,Neuenhaus,2020,1022,Zensus 2011,False,Z100300G,01.11.2021,
456013,03456013,03456,Lage,Lage,Mitgliedsgemeinde,Neuenhaus,2021,1005,Zensus 2011,False,Z100300G,01.11.2021,
456013,03456013,03456,Lage,Lage,Mitgliedsgemeinde,Neuenhaus,2022,1058,Zensus 2022,True,Z100300G,01.11.2021,Ergebnis auf Basis Zensus 2022; 2022 und 2023 laut LSN auf Basis Zensus 2022 revidiert.
456013,03456013,03456,Lage,Lage,Mitgliedsgemeinde,Neuenhaus,2023,1084,Zensus 2022,False,Z100300G,01.11.2021,Ergebnis auf Basis Zensus 2022; 2022 und 2023 laut LSN auf Basis Zensus 2022 revidiert.
456013,03456013,03456,Lage,Lage,Mitgliedsgemeinde,Neuenhaus,2024,1101,Zensus 2022,False,Z100300G,01.11.2021,
456013,03456013,03456,Lage,Lage,Mitgliedsgemeinde,Neuenhaus,2025,1095,Zensus 2022,False,Z100300G,01.11.2021,
456014,03456014,03456,Neuenhaus,"Neuenhaus, Stadt",Mitgliedsgemeinde,Neuenhaus,1821,2889,Nach Uelschen,False,Z100300G,01.11.2021,
456014,03456014,03456,Neuenhaus,"Neuenhaus, Stadt",Mitgliedsgemeinde,Neuenhaus,1848,3227,Nach Uelschen,False,Z100300G,01.11.2021,
456014,03456014,03456,Neuenhaus,"Neuenhaus, Stadt",Mitgliedsgemeinde,Neuenhaus,1871,3199,Nach Uelschen,False,Z100300G,01.11.2021,
456014,03456014,03456,Neuenhaus,"Neuenhaus, Stadt",Mitgliedsgemeinde,Neuenhaus,1885,2872,Nach Uelschen,False,Z100300G,01.11.2021,
456014,03456014,03456,Neuenhaus,"Neuenhaus, Stadt",Mitgliedsgemeinde,Neuenhaus,1905,2965,Nach Uelschen,False,Z100300G,01.11.2021,
456014,03456014,03456,Neuenhaus,"Neuenhaus, Stadt",Mitgliedsgemeinde,Neuenhaus,1925,3567,Nach Uelschen,False,Z100300G,01.11.2021,
456014,03456014,03456,Neuenhaus,"Neuenhaus, Stadt",Mitgliedsgemeinde,Neuenhaus,1933,4053,Nach Uelschen,False,Z100300G,01.11.2021,
456014,03456014,03456,Neuenhaus,"Neuenhaus, Stadt",Mitgliedsgemeinde,Neuenhaus,1939,4214,Nach Uelschen,False,Z100300G,01.11.2021,
456014,03456014,03456,Neuenhaus,"Neuenhaus, Stadt",Mitgliedsgemeinde,Neuenhaus,1946,5322,Nach Uelschen,False,Z100300G,01.11.2021,
456014,03456014,03456,Neuenhaus,"Neuenhaus, Stadt",Mitgliedsgemeinde,Neuenhaus,1950,6088,Nach Uelschen,False,Z100300G,01.11.2021,
456014,03456014,03456,Neuenhaus,"Neuenhaus, Stadt",Mitgliedsgemeinde,Neuenhaus,1956,6737,Nach Uelschen,False,Z100300G,01.11.2021,
456014,03456014,03456,Neuenhaus,"Neuenhaus, Stadt",Mitgliedsgemeinde,Neuenhaus,1961,7474,Nach Uelschen,False,Z100300G,01.11.2021,
456014,03456014,03456,Neuenhaus,"Neuenhaus, Stadt",Mitgliedsgemeinde,Neuenhaus,1970,7921,Basis VZ70,True,Z100300G,01.11.2021,
456014,03456014,03456,Neuenhaus,"Neuenhaus, Stadt",Mitgliedsgemeinde,Neuenhaus,1987,8142,Basis VZ87,True,Z100300G,01.11.2021,
456014,03456014,03456,Neuenhaus,"Neuenhaus, Stadt",Mitgliedsgemeinde,Neuenhaus,1989,8161,Basis VZ87,False,Z100300G,01.11.2021,
456014,03456014,03456,Neuenhaus,"Neuenhaus, Stadt",Mitgliedsgemeinde,Neuenhaus,2010,9728,Basis VZ87,False,Z100300G,01.11.2021,
456014,03456014,03456,Neuenhaus,"Neuenhaus, Stadt",Mitgliedsgemeinde,Neuenhaus,2011,9831,Zensus 2011,True,Z100300G,01.11.2021,
456014,03456014,03456,Neuenhaus,"Neuenhaus, Stadt",Mitgliedsgemeinde,Neuenhaus,2012,9773,Zensus 2011,False,Z100300G,01.11.2021,
456014,03456014,03456,Neuenhaus,"Neuenhaus, Stadt",Mitgliedsgemeinde,Neuenhaus,2013,9782,Zensus 2011,False,Z100300G,01.11.2021,
456014,03456014,03456,Neuenhaus,"Neuenhaus, Stadt",Mitgliedsgemeinde,Neuenhaus,2014,9813,Zensus 2011,False,Z100300G,01.11.2021,
456014,03456014,03456,Neuenhaus,"Neuenhaus, Stadt",Mitgliedsgemeinde,Neuenhaus,2015,9894,Zensus 2011,False,Z100300G,01.11.2021,
456014,03456014,03456,Neuenhaus,"Neuenhaus, Stadt",Mitgliedsgemeinde,Neuenhaus,2016,9925,Zensus 2011,False,Z100300G,01.11.2021,
456014,03456014,03456,Neuenhaus,"Neuenhaus, Stadt",Mitgliedsgemeinde,Neuenhaus,2017,9907,Zensus 2011,False,Z100300G,01.11.2021,
456014,03456014,03456,Neuenhaus,"Neuenhaus, Stadt",Mitgliedsgemeinde,Neuenhaus,2018,10025,Zensus 2011,False,Z100300G,01.11.2021,
456014,03456014,03456,Neuenhaus,"Neuenhaus, Stadt",Mitgliedsgemeinde,Neuenhaus,2019,10049,Zensus 2011,False,Z100300G,01.11.2021,
456014,03456014,03456,Neuenhaus,"Neuenhaus, Stadt",Mitgliedsgemeinde,Neuenhaus,2020,10228,Zensus 2011,False,Z100300G,01.11.2021,
456014,03456014,03456,Neuenhaus,"Neuenhaus, Stadt",Mitgliedsgemeinde,Neuenhaus,2021,10356,Zensus 2011,False,Z100300G,01.11.2021,
456014,03456014,03456,Neuenhaus,"Neuenhaus, Stadt",Mitgliedsgemeinde,Neuenhaus,2022,10643,Zensus 2022,True,Z100300G,01.11.2021,Ergebnis auf Basis Zensus 2022; 2022 und 2023 laut LSN auf Basis Zensus 2022 revidiert.
456014,03456014,03456,Neuenhaus,"Neuenhaus, Stadt",Mitgliedsgemeinde,Neuenhaus,2023,10732,Zensus 2022,False,Z100300G,01.11.2021,Ergebnis auf Basis Zensus 2022; 2022 und 2023 laut LSN auf Basis Zensus 2022 revidiert.
456014,03456014,03456,Neuenhaus,"Neuenhaus, Stadt",Mitgliedsgemeinde,Neuenhaus,2024,10890,Zensus 2022,False,Z100300G,01.11.2021,
456014,03456014,03456,Neuenhaus,"Neuenhaus, Stadt",Mitgliedsgemeinde,Neuenhaus,2025,10827,Zensus 2022,False,Z100300G,01.11.2021,
456017,03456017,03456,Osterwald,Osterwald,Mitgliedsgemeinde,Neuenhaus,1821,813,Nach Uelschen,False,Z100300G,01.11.2021,
456017,03456017,03456,Osterwald,Osterwald,Mitgliedsgemeinde,Neuenhaus,1848,930,Nach Uelschen,False,Z100300G,01.11.2021,
456017,03456017,03456,Osterwald,Osterwald,Mitgliedsgemeinde,Neuenhaus,1871,918,Nach Uelschen,False,Z100300G,01.11.2021,
456017,03456017,03456,Osterwald,Osterwald,Mitgliedsgemeinde,Neuenhaus,1885,959,Nach Uelschen,False,Z100300G,01.11.2021,
456017,03456017,03456,Osterwald,Osterwald,Mitgliedsgemeinde,Neuenhaus,1905,1059,Nach Uelschen,False,Z100300G,01.11.2021,
456017,03456017,03456,Osterwald,Osterwald,Mitgliedsgemeinde,Neuenhaus,1925,1191,Nach Uelschen,False,Z100300G,01.11.2021,
456017,03456017,03456,Osterwald,Osterwald,Mitgliedsgemeinde,Neuenhaus,1933,1183,Nach Uelschen,False,Z100300G,01.11.2021,
456017,03456017,03456,Osterwald,Osterwald,Mitgliedsgemeinde,Neuenhaus,1939,1185,Nach Uelschen,False,Z100300G,01.11.2021,
456017,03456017,03456,Osterwald,Osterwald,Mitgliedsgemeinde,Neuenhaus,1946,1607,Nach Uelschen,False,Z100300G,01.11.2021,
456017,03456017,03456,Osterwald,Osterwald,Mitgliedsgemeinde,Neuenhaus,1950,1614,Nach Uelschen,False,Z100300G,01.11.2021,
456017,03456017,03456,Osterwald,Osterwald,Mitgliedsgemeinde,Neuenhaus,1956,1473,Nach Uelschen,False,Z100300G,01.11.2021,
456017,03456017,03456,Osterwald,Osterwald,Mitgliedsgemeinde,Neuenhaus,1961,1418,Nach Uelschen,False,Z100300G,01.11.2021,
456017,03456017,03456,Osterwald,Osterwald,Mitgliedsgemeinde,Neuenhaus,1970,1359,Basis VZ70,True,Z100300G,01.11.2021,
456017,03456017,03456,Osterwald,Osterwald,Mitgliedsgemeinde,Neuenhaus,1987,1229,Basis VZ87,True,Z100300G,01.11.2021,
456017,03456017,03456,Osterwald,Osterwald,Mitgliedsgemeinde,Neuenhaus,1989,1213,Basis VZ87,False,Z100300G,01.11.2021,
456017,03456017,03456,Osterwald,Osterwald,Mitgliedsgemeinde,Neuenhaus,2010,1180,Basis VZ87,False,Z100300G,01.11.2021,
456017,03456017,03456,Osterwald,Osterwald,Mitgliedsgemeinde,Neuenhaus,2011,1173,Zensus 2011,True,Z100300G,01.11.2021,
456017,03456017,03456,Osterwald,Osterwald,Mitgliedsgemeinde,Neuenhaus,2012,1166,Zensus 2011,False,Z100300G,01.11.2021,
456017,03456017,03456,Osterwald,Osterwald,Mitgliedsgemeinde,Neuenhaus,2013,1172,Zensus 2011,False,Z100300G,01.11.2021,
456017,03456017,03456,Osterwald,Osterwald,Mitgliedsgemeinde,Neuenhaus,2014,1171,Zensus 2011,False,Z100300G,01.11.2021,
456017,03456017,03456,Osterwald,Osterwald,Mitgliedsgemeinde,Neuenhaus,2015,1172,Zensus 2011,False,Z100300G,01.11.2021,
456017,03456017,03456,Osterwald,Osterwald,Mitgliedsgemeinde,Neuenhaus,2016,1165,Zensus 2011,False,Z100300G,01.11.2021,
456017,03456017,03456,Osterwald,Osterwald,Mitgliedsgemeinde,Neuenhaus,2017,1184,Zensus 2011,False,Z100300G,01.11.2021,
456017,03456017,03456,Osterwald,Osterwald,Mitgliedsgemeinde,Neuenhaus,2018,1181,Zensus 2011,False,Z100300G,01.11.2021,
456017,03456017,03456,Osterwald,Osterwald,Mitgliedsgemeinde,Neuenhaus,2019,1192,Zensus 2011,False,Z100300G,01.11.2021,
456017,03456017,03456,Osterwald,Osterwald,Mitgliedsgemeinde,Neuenhaus,2020,1185,Zensus 2011,False,Z100300G,01.11.2021,
456017,03456017,03456,Osterwald,Osterwald,Mitgliedsgemeinde,Neuenhaus,2021,1205,Zensus 2011,False,Z100300G,01.11.2021,
456017,03456017,03456,Osterwald,Osterwald,Mitgliedsgemeinde,Neuenhaus,2022,1216,Zensus 2022,True,Z100300G,01.11.2021,Ergebnis auf Basis Zensus 2022; 2022 und 2023 laut LSN auf Basis Zensus 2022 revidiert.
456017,03456017,03456,Osterwald,Osterwald,Mitgliedsgemeinde,Neuenhaus,2023,1194,Zensus 2022,False,Z100300G,01.11.2021,Ergebnis auf Basis Zensus 2022; 2022 und 2023 laut LSN auf Basis Zensus 2022 revidiert.
456017,03456017,03456,Osterwald,Osterwald,Mitgliedsgemeinde,Neuenhaus,2024,1174,Zensus 2022,False,Z100300G,01.11.2021,
456017,03456017,03456,Osterwald,Osterwald,Mitgliedsgemeinde,Neuenhaus,2025,1141,Zensus 2022,False,Z100300G,01.11.2021,
456003,03456003,03456,Engden,Engden,Mitgliedsgemeinde,Schüttorf,1821,454,Nach Uelschen,False,Z100300G,01.11.2021,
456003,03456003,03456,Engden,Engden,Mitgliedsgemeinde,Schüttorf,1848,434,Nach Uelschen,False,Z100300G,01.11.2021,
456003,03456003,03456,Engden,Engden,Mitgliedsgemeinde,Schüttorf,1871,431,Nach Uelschen,False,Z100300G,01.11.2021,
456003,03456003,03456,Engden,Engden,Mitgliedsgemeinde,Schüttorf,1885,490,Nach Uelschen,False,Z100300G,01.11.2021,
456003,03456003,03456,Engden,Engden,Mitgliedsgemeinde,Schüttorf,1905,479,Nach Uelschen,False,Z100300G,01.11.2021,
456003,03456003,03456,Engden,Engden,Mitgliedsgemeinde,Schüttorf,1925,532,Nach Uelschen,False,Z100300G,01.11.2021,
456003,03456003,03456,Engden,Engden,Mitgliedsgemeinde,Schüttorf,1933,515,Nach Uelschen,False,Z100300G,01.11.2021,
456003,03456003,03456,Engden,Engden,Mitgliedsgemeinde,Schüttorf,1939,530,Nach Uelschen,False,Z100300G,01.11.2021,
456003,03456003,03456,Engden,Engden,Mitgliedsgemeinde,Schüttorf,1946,659,Nach Uelschen,False,Z100300G,01.11.2021,
456003,03456003,03456,Engden,Engden,Mitgliedsgemeinde,Schüttorf,1950,672,Nach Uelschen,False,Z100300G,01.11.2021,
456003,03456003,03456,Engden,Engden,Mitgliedsgemeinde,Schüttorf,1956,545,Nach Uelschen,False,Z100300G,01.11.2021,
456003,03456003,03456,Engden,Engden,Mitgliedsgemeinde,Schüttorf,1961,519,Nach Uelschen,False,Z100300G,01.11.2021,
456003,03456003,03456,Engden,Engden,Mitgliedsgemeinde,Schüttorf,1970,477,Basis VZ70,True,Z100300G,01.11.2021,
456003,03456003,03456,Engden,Engden,Mitgliedsgemeinde,Schüttorf,1987,417,Basis VZ87,True,Z100300G,01.11.2021,
456003,03456003,03456,Engden,Engden,Mitgliedsgemeinde,Schüttorf,1989,407,Basis VZ87,False,Z100300G,01.11.2021,
456003,03456003,03456,Engden,Engden,Mitgliedsgemeinde,Schüttorf,2010,452,Basis VZ87,False,Z100300G,01.11.2021,
456003,03456003,03456,Engden,Engden,Mitgliedsgemeinde,Schüttorf,2011,445,Zensus 2011,True,Z100300G,01.11.2021,
456003,03456003,03456,Engden,Engden,Mitgliedsgemeinde,Schüttorf,2012,439,Zensus 2011,False,Z100300G,01.11.2021,
456003,03456003,03456,Engden,Engden,Mitgliedsgemeinde,Schüttorf,2013,440,Zensus 2011,False,Z100300G,01.11.2021,
456003,03456003,03456,Engden,Engden,Mitgliedsgemeinde,Schüttorf,2014,432,Zensus 2011,False,Z100300G,01.11.2021,
456003,03456003,03456,Engden,Engden,Mitgliedsgemeinde,Schüttorf,2015,431,Zensus 2011,False,Z100300G,01.11.2021,
456003,03456003,03456,Engden,Engden,Mitgliedsgemeinde,Schüttorf,2016,416,Zensus 2011,False,Z100300G,01.11.2021,
456003,03456003,03456,Engden,Engden,Mitgliedsgemeinde,Schüttorf,2017,426,Zensus 2011,False,Z100300G,01.11.2021,
456003,03456003,03456,Engden,Engden,Mitgliedsgemeinde,Schüttorf,2018,432,Zensus 2011,False,Z100300G,01.11.2021,
456003,03456003,03456,Engden,Engden,Mitgliedsgemeinde,Schüttorf,2019,421,Zensus 2011,False,Z100300G,01.11.2021,
456003,03456003,03456,Engden,Engden,Mitgliedsgemeinde,Schüttorf,2020,409,Zensus 2011,False,Z100300G,01.11.2021,
456003,03456003,03456,Engden,Engden,Mitgliedsgemeinde,Schüttorf,2021,416,Zensus 2011,False,Z100300G,01.11.2021,
456003,03456003,03456,Engden,Engden,Mitgliedsgemeinde,Schüttorf,2022,423,Zensus 2022,True,Z100300G,01.11.2021,Ergebnis auf Basis Zensus 2022; 2022 und 2023 laut LSN auf Basis Zensus 2022 revidiert.
456003,03456003,03456,Engden,Engden,Mitgliedsgemeinde,Schüttorf,2023,428,Zensus 2022,False,Z100300G,01.11.2021,Ergebnis auf Basis Zensus 2022; 2022 und 2023 laut LSN auf Basis Zensus 2022 revidiert.
456003,03456003,03456,Engden,Engden,Mitgliedsgemeinde,Schüttorf,2024,420,Zensus 2022,False,Z100300G,01.11.2021,
456003,03456003,03456,Engden,Engden,Mitgliedsgemeinde,Schüttorf,2025,413,Zensus 2022,False,Z100300G,01.11.2021,
456010,03456010,03456,Isterberg,Isterberg,Mitgliedsgemeinde,Schüttorf,1821,515,Nach Uelschen,False,Z100300G,01.11.2021,
456010,03456010,03456,Isterberg,Isterberg,Mitgliedsgemeinde,Schüttorf,1848,534,Nach Uelschen,False,Z100300G,01.11.2021,
456010,03456010,03456,Isterberg,Isterberg,Mitgliedsgemeinde,Schüttorf,1871,551,Nach Uelschen,False,Z100300G,01.11.2021,
456010,03456010,03456,Isterberg,Isterberg,Mitgliedsgemeinde,Schüttorf,1885,506,Nach Uelschen,False,Z100300G,01.11.2021,
456010,03456010,03456,Isterberg,Isterberg,Mitgliedsgemeinde,Schüttorf,1905,502,Nach Uelschen,False,Z100300G,01.11.2021,
456010,03456010,03456,Isterberg,Isterberg,Mitgliedsgemeinde,Schüttorf,1925,599,Nach Uelschen,False,Z100300G,01.11.2021,
456010,03456010,03456,Isterberg,Isterberg,Mitgliedsgemeinde,Schüttorf,1933,607,Nach Uelschen,False,Z100300G,01.11.2021,
456010,03456010,03456,Isterberg,Isterberg,Mitgliedsgemeinde,Schüttorf,1939,619,Nach Uelschen,False,Z100300G,01.11.2021,
456010,03456010,03456,Isterberg,Isterberg,Mitgliedsgemeinde,Schüttorf,1946,822,Nach Uelschen,False,Z100300G,01.11.2021,
456010,03456010,03456,Isterberg,Isterberg,Mitgliedsgemeinde,Schüttorf,1950,858,Nach Uelschen,False,Z100300G,01.11.2021,
456010,03456010,03456,Isterberg,Isterberg,Mitgliedsgemeinde,Schüttorf,1956,757,Nach Uelschen,False,Z100300G,01.11.2021,
456010,03456010,03456,Isterberg,Isterberg,Mitgliedsgemeinde,Schüttorf,1961,740,Nach Uelschen,False,Z100300G,01.11.2021,
456010,03456010,03456,Isterberg,Isterberg,Mitgliedsgemeinde,Schüttorf,1970,729,Basis VZ70,True,Z100300G,01.11.2021,
456010,03456010,03456,Isterberg,Isterberg,Mitgliedsgemeinde,Schüttorf,1987,640,Basis VZ87,True,Z100300G,01.11.2021,
456010,03456010,03456,Isterberg,Isterberg,Mitgliedsgemeinde,Schüttorf,1989,651,Basis VZ87,False,Z100300G,01.11.2021,
456010,03456010,03456,Isterberg,Isterberg,Mitgliedsgemeinde,Schüttorf,2010,612,Basis VZ87,False,Z100300G,01.11.2021,
456010,03456010,03456,Isterberg,Isterberg,Mitgliedsgemeinde,Schüttorf,2011,593,Zensus 2011,True,Z100300G,01.11.2021,
456010,03456010,03456,Isterberg,Isterberg,Mitgliedsgemeinde,Schüttorf,2012,590,Zensus 2011,False,Z100300G,01.11.2021,
456010,03456010,03456,Isterberg,Isterberg,Mitgliedsgemeinde,Schüttorf,2013,584,Zensus 2011,False,Z100300G,01.11.2021,
456010,03456010,03456,Isterberg,Isterberg,Mitgliedsgemeinde,Schüttorf,2014,581,Zensus 2011,False,Z100300G,01.11.2021,
456010,03456010,03456,Isterberg,Isterberg,Mitgliedsgemeinde,Schüttorf,2015,566,Zensus 2011,False,Z100300G,01.11.2021,
456010,03456010,03456,Isterberg,Isterberg,Mitgliedsgemeinde,Schüttorf,2016,580,Zensus 2011,False,Z100300G,01.11.2021,
456010,03456010,03456,Isterberg,Isterberg,Mitgliedsgemeinde,Schüttorf,2017,581,Zensus 2011,False,Z100300G,01.11.2021,
456010,03456010,03456,Isterberg,Isterberg,Mitgliedsgemeinde,Schüttorf,2018,573,Zensus 2011,False,Z100300G,01.11.2021,
456010,03456010,03456,Isterberg,Isterberg,Mitgliedsgemeinde,Schüttorf,2019,580,Zensus 2011,False,Z100300G,01.11.2021,
456010,03456010,03456,Isterberg,Isterberg,Mitgliedsgemeinde,Schüttorf,2020,574,Zensus 2011,False,Z100300G,01.11.2021,
456010,03456010,03456,Isterberg,Isterberg,Mitgliedsgemeinde,Schüttorf,2021,589,Zensus 2011,False,Z100300G,01.11.2021,
456010,03456010,03456,Isterberg,Isterberg,Mitgliedsgemeinde,Schüttorf,2022,630,Zensus 2022,True,Z100300G,01.11.2021,Ergebnis auf Basis Zensus 2022; 2022 und 2023 laut LSN auf Basis Zensus 2022 revidiert.
456010,03456010,03456,Isterberg,Isterberg,Mitgliedsgemeinde,Schüttorf,2023,650,Zensus 2022,False,Z100300G,01.11.2021,Ergebnis auf Basis Zensus 2022; 2022 und 2023 laut LSN auf Basis Zensus 2022 revidiert.
456010,03456010,03456,Isterberg,Isterberg,Mitgliedsgemeinde,Schüttorf,2024,637,Zensus 2022,False,Z100300G,01.11.2021,
456010,03456010,03456,Isterberg,Isterberg,Mitgliedsgemeinde,Schüttorf,2025,625,Zensus 2022,False,Z100300G,01.11.2021,
456016,03456016,03456,Ohne,Ohne,Mitgliedsgemeinde,Schüttorf,1821,329,Nach Uelschen,False,Z100300G,01.11.2021,
456016,03456016,03456,Ohne,Ohne,Mitgliedsgemeinde,Schüttorf,1848,356,Nach Uelschen,False,Z100300G,01.11.2021,
456016,03456016,03456,Ohne,Ohne,Mitgliedsgemeinde,Schüttorf,1871,342,Nach Uelschen,False,Z100300G,01.11.2021,
456016,03456016,03456,Ohne,Ohne,Mitgliedsgemeinde,Schüttorf,1885,329,Nach Uelschen,False,Z100300G,01.11.2021,
456016,03456016,03456,Ohne,Ohne,Mitgliedsgemeinde,Schüttorf,1905,365,Nach Uelschen,False,Z100300G,01.11.2021,
456016,03456016,03456,Ohne,Ohne,Mitgliedsgemeinde,Schüttorf,1925,410,Nach Uelschen,False,Z100300G,01.11.2021,
456016,03456016,03456,Ohne,Ohne,Mitgliedsgemeinde,Schüttorf,1933,400,Nach Uelschen,False,Z100300G,01.11.2021,
456016,03456016,03456,Ohne,Ohne,Mitgliedsgemeinde,Schüttorf,1939,424,Nach Uelschen,False,Z100300G,01.11.2021,
456016,03456016,03456,Ohne,Ohne,Mitgliedsgemeinde,Schüttorf,1946,572,Nach Uelschen,False,Z100300G,01.11.2021,
456016,03456016,03456,Ohne,Ohne,Mitgliedsgemeinde,Schüttorf,1950,590,Nach Uelschen,False,Z100300G,01.11.2021,
456016,03456016,03456,Ohne,Ohne,Mitgliedsgemeinde,Schüttorf,1956,501,Nach Uelschen,False,Z100300G,01.11.2021,
456016,03456016,03456,Ohne,Ohne,Mitgliedsgemeinde,Schüttorf,1961,496,Nach Uelschen,False,Z100300G,01.11.2021,
456016,03456016,03456,Ohne,Ohne,Mitgliedsgemeinde,Schüttorf,1970,545,Basis VZ70,True,Z100300G,01.11.2021,
456016,03456016,03456,Ohne,Ohne,Mitgliedsgemeinde,Schüttorf,1987,505,Basis VZ87,True,Z100300G,01.11.2021,
456016,03456016,03456,Ohne,Ohne,Mitgliedsgemeinde,Schüttorf,1989,500,Basis VZ87,False,Z100300G,01.11.2021,
456016,03456016,03456,Ohne,Ohne,Mitgliedsgemeinde,Schüttorf,2010,571,Basis VZ87,False,Z100300G,01.11.2021,
456016,03456016,03456,Ohne,Ohne,Mitgliedsgemeinde,Schüttorf,2011,581,Zensus 2011,True,Z100300G,01.11.2021,
456016,03456016,03456,Ohne,Ohne,Mitgliedsgemeinde,Schüttorf,2012,584,Zensus 2011,False,Z100300G,01.11.2021,
456016,03456016,03456,Ohne,Ohne,Mitgliedsgemeinde,Schüttorf,2013,583,Zensus 2011,False,Z100300G,01.11.2021,
456016,03456016,03456,Ohne,Ohne,Mitgliedsgemeinde,Schüttorf,2014,572,Zensus 2011,False,Z100300G,01.11.2021,
456016,03456016,03456,Ohne,Ohne,Mitgliedsgemeinde,Schüttorf,2015,587,Zensus 2011,False,Z100300G,01.11.2021,
456016,03456016,03456,Ohne,Ohne,Mitgliedsgemeinde,Schüttorf,2016,579,Zensus 2011,False,Z100300G,01.11.2021,
456016,03456016,03456,Ohne,Ohne,Mitgliedsgemeinde,Schüttorf,2017,595,Zensus 2011,False,Z100300G,01.11.2021,
456016,03456016,03456,Ohne,Ohne,Mitgliedsgemeinde,Schüttorf,2018,586,Zensus 2011,False,Z100300G,01.11.2021,
456016,03456016,03456,Ohne,Ohne,Mitgliedsgemeinde,Schüttorf,2019,582,Zensus 2011,False,Z100300G,01.11.2021,
456016,03456016,03456,Ohne,Ohne,Mitgliedsgemeinde,Schüttorf,2020,580,Zensus 2011,False,Z100300G,01.11.2021,
456016,03456016,03456,Ohne,Ohne,Mitgliedsgemeinde,Schüttorf,2021,575,Zensus 2011,False,Z100300G,01.11.2021,
456016,03456016,03456,Ohne,Ohne,Mitgliedsgemeinde,Schüttorf,2022,629,Zensus 2022,True,Z100300G,01.11.2021,Ergebnis auf Basis Zensus 2022; 2022 und 2023 laut LSN auf Basis Zensus 2022 revidiert.
456016,03456016,03456,Ohne,Ohne,Mitgliedsgemeinde,Schüttorf,2023,640,Zensus 2022,False,Z100300G,01.11.2021,Ergebnis auf Basis Zensus 2022; 2022 und 2023 laut LSN auf Basis Zensus 2022 revidiert.
456016,03456016,03456,Ohne,Ohne,Mitgliedsgemeinde,Schüttorf,2024,631,Zensus 2022,False,Z100300G,01.11.2021,
456016,03456016,03456,Ohne,Ohne,Mitgliedsgemeinde,Schüttorf,2025,651,Zensus 2022,False,Z100300G,01.11.2021,
456018,03456018,03456,Quendorf,Quendorf,Mitgliedsgemeinde,Schüttorf,1821,407,Nach Uelschen,False,Z100300G,01.11.2021,
456018,03456018,03456,Quendorf,Quendorf,Mitgliedsgemeinde,Schüttorf,1848,445,Nach Uelschen,False,Z100300G,01.11.2021,
456018,03456018,03456,Quendorf,Quendorf,Mitgliedsgemeinde,Schüttorf,1871,447,Nach Uelschen,False,Z100300G,01.11.2021,
456018,03456018,03456,Quendorf,Quendorf,Mitgliedsgemeinde,Schüttorf,1885,468,Nach Uelschen,False,Z100300G,01.11.2021,
456018,03456018,03456,Quendorf,Quendorf,Mitgliedsgemeinde,Schüttorf,1905,457,Nach Uelschen,False,Z100300G,01.11.2021,
456018,03456018,03456,Quendorf,Quendorf,Mitgliedsgemeinde,Schüttorf,1925,490,Nach Uelschen,False,Z100300G,01.11.2021,
456018,03456018,03456,Quendorf,Quendorf,Mitgliedsgemeinde,Schüttorf,1933,580,Nach Uelschen,False,Z100300G,01.11.2021,
456018,03456018,03456,Quendorf,Quendorf,Mitgliedsgemeinde,Schüttorf,1939,550,Nach Uelschen,False,Z100300G,01.11.2021,
456018,03456018,03456,Quendorf,Quendorf,Mitgliedsgemeinde,Schüttorf,1946,652,Nach Uelschen,False,Z100300G,01.11.2021,
456018,03456018,03456,Quendorf,Quendorf,Mitgliedsgemeinde,Schüttorf,1950,674,Nach Uelschen,False,Z100300G,01.11.2021,
456018,03456018,03456,Quendorf,Quendorf,Mitgliedsgemeinde,Schüttorf,1956,594,Nach Uelschen,False,Z100300G,01.11.2021,
456018,03456018,03456,Quendorf,Quendorf,Mitgliedsgemeinde,Schüttorf,1961,594,Nach Uelschen,False,Z100300G,01.11.2021,
456018,03456018,03456,Quendorf,Quendorf,Mitgliedsgemeinde,Schüttorf,1970,630,Basis VZ70,True,Z100300G,01.11.2021,
456018,03456018,03456,Quendorf,Quendorf,Mitgliedsgemeinde,Schüttorf,1987,559,Basis VZ87,True,Z100300G,01.11.2021,
456018,03456018,03456,Quendorf,Quendorf,Mitgliedsgemeinde,Schüttorf,1989,538,Basis VZ87,False,Z100300G,01.11.2021,
456018,03456018,03456,Quendorf,Quendorf,Mitgliedsgemeinde,Schüttorf,2010,572,Basis VZ87,False,Z100300G,01.11.2021,
456018,03456018,03456,Quendorf,Quendorf,Mitgliedsgemeinde,Schüttorf,2011,552,Zensus 2011,True,Z100300G,01.11.2021,
456018,03456018,03456,Quendorf,Quendorf,Mitgliedsgemeinde,Schüttorf,2012,549,Zensus 2011,False,Z100300G,01.11.2021,
456018,03456018,03456,Quendorf,Quendorf,Mitgliedsgemeinde,Schüttorf,2013,553,Zensus 2011,False,Z100300G,01.11.2021,
456018,03456018,03456,Quendorf,Quendorf,Mitgliedsgemeinde,Schüttorf,2014,548,Zensus 2011,False,Z100300G,01.11.2021,
456018,03456018,03456,Quendorf,Quendorf,Mitgliedsgemeinde,Schüttorf,2015,543,Zensus 2011,False,Z100300G,01.11.2021,
456018,03456018,03456,Quendorf,Quendorf,Mitgliedsgemeinde,Schüttorf,2016,553,Zensus 2011,False,Z100300G,01.11.2021,
456018,03456018,03456,Quendorf,Quendorf,Mitgliedsgemeinde,Schüttorf,2017,569,Zensus 2011,False,Z100300G,01.11.2021,
456018,03456018,03456,Quendorf,Quendorf,Mitgliedsgemeinde,Schüttorf,2018,588,Zensus 2011,False,Z100300G,01.11.2021,
456018,03456018,03456,Quendorf,Quendorf,Mitgliedsgemeinde,Schüttorf,2019,598,Zensus 2011,False,Z100300G,01.11.2021,
456018,03456018,03456,Quendorf,Quendorf,Mitgliedsgemeinde,Schüttorf,2020,606,Zensus 2011,False,Z100300G,01.11.2021,
456018,03456018,03456,Quendorf,Quendorf,Mitgliedsgemeinde,Schüttorf,2021,613,Zensus 2011,False,Z100300G,01.11.2021,
456018,03456018,03456,Quendorf,Quendorf,Mitgliedsgemeinde,Schüttorf,2022,651,Zensus 2022,True,Z100300G,01.11.2021,Ergebnis auf Basis Zensus 2022; 2022 und 2023 laut LSN auf Basis Zensus 2022 revidiert.
456018,03456018,03456,Quendorf,Quendorf,Mitgliedsgemeinde,Schüttorf,2023,654,Zensus 2022,False,Z100300G,01.11.2021,Ergebnis auf Basis Zensus 2022; 2022 und 2023 laut LSN auf Basis Zensus 2022 revidiert.
456018,03456018,03456,Quendorf,Quendorf,Mitgliedsgemeinde,Schüttorf,2024,650,Zensus 2022,False,Z100300G,01.11.2021,
456018,03456018,03456,Quendorf,Quendorf,Mitgliedsgemeinde,Schüttorf,2025,635,Zensus 2022,False,Z100300G,01.11.2021,
456020,03456020,03456,Samern,Samern,Mitgliedsgemeinde,Schüttorf,1821,433,Nach Uelschen,False,Z100300G,01.11.2021,
456020,03456020,03456,Samern,Samern,Mitgliedsgemeinde,Schüttorf,1848,502,Nach Uelschen,False,Z100300G,01.11.2021,
456020,03456020,03456,Samern,Samern,Mitgliedsgemeinde,Schüttorf,1871,466,Nach Uelschen,False,Z100300G,01.11.2021,
456020,03456020,03456,Samern,Samern,Mitgliedsgemeinde,Schüttorf,1885,448,Nach Uelschen,False,Z100300G,01.11.2021,
456020,03456020,03456,Samern,Samern,Mitgliedsgemeinde,Schüttorf,1905,512,Nach Uelschen,False,Z100300G,01.11.2021,
456020,03456020,03456,Samern,Samern,Mitgliedsgemeinde,Schüttorf,1925,529,Nach Uelschen,False,Z100300G,01.11.2021,
456020,03456020,03456,Samern,Samern,Mitgliedsgemeinde,Schüttorf,1933,567,Nach Uelschen,False,Z100300G,01.11.2021,
456020,03456020,03456,Samern,Samern,Mitgliedsgemeinde,Schüttorf,1939,595,Nach Uelschen,False,Z100300G,01.11.2021,
456020,03456020,03456,Samern,Samern,Mitgliedsgemeinde,Schüttorf,1946,749,Nach Uelschen,False,Z100300G,01.11.2021,
456020,03456020,03456,Samern,Samern,Mitgliedsgemeinde,Schüttorf,1950,765,Nach Uelschen,False,Z100300G,01.11.2021,
456020,03456020,03456,Samern,Samern,Mitgliedsgemeinde,Schüttorf,1956,733,Nach Uelschen,False,Z100300G,01.11.2021,
456020,03456020,03456,Samern,Samern,Mitgliedsgemeinde,Schüttorf,1961,745,Nach Uelschen,False,Z100300G,01.11.2021,
456020,03456020,03456,Samern,Samern,Mitgliedsgemeinde,Schüttorf,1970,702,Basis VZ70,True,Z100300G,01.11.2021,
456020,03456020,03456,Samern,Samern,Mitgliedsgemeinde,Schüttorf,1987,681,Basis VZ87,True,Z100300G,01.11.2021,
456020,03456020,03456,Samern,Samern,Mitgliedsgemeinde,Schüttorf,1989,681,Basis VZ87,False,Z100300G,01.11.2021,
456020,03456020,03456,Samern,Samern,Mitgliedsgemeinde,Schüttorf,2010,726,Basis VZ87,False,Z100300G,01.11.2021,
456020,03456020,03456,Samern,Samern,Mitgliedsgemeinde,Schüttorf,2011,697,Zensus 2011,True,Z100300G,01.11.2021,
456020,03456020,03456,Samern,Samern,Mitgliedsgemeinde,Schüttorf,2012,719,Zensus 2011,False,Z100300G,01.11.2021,
456020,03456020,03456,Samern,Samern,Mitgliedsgemeinde,Schüttorf,2013,742,Zensus 2011,False,Z100300G,01.11.2021,
456020,03456020,03456,Samern,Samern,Mitgliedsgemeinde,Schüttorf,2014,745,Zensus 2011,False,Z100300G,01.11.2021,
456020,03456020,03456,Samern,Samern,Mitgliedsgemeinde,Schüttorf,2015,728,Zensus 2011,False,Z100300G,01.11.2021,
456020,03456020,03456,Samern,Samern,Mitgliedsgemeinde,Schüttorf,2016,731,Zensus 2011,False,Z100300G,01.11.2021,
456020,03456020,03456,Samern,Samern,Mitgliedsgemeinde,Schüttorf,2017,752,Zensus 2011,False,Z100300G,01.11.2021,
456020,03456020,03456,Samern,Samern,Mitgliedsgemeinde,Schüttorf,2018,757,Zensus 2011,False,Z100300G,01.11.2021,
456020,03456020,03456,Samern,Samern,Mitgliedsgemeinde,Schüttorf,2019,773,Zensus 2011,False,Z100300G,01.11.2021,
456020,03456020,03456,Samern,Samern,Mitgliedsgemeinde,Schüttorf,2020,786,Zensus 2011,False,Z100300G,01.11.2021,
456020,03456020,03456,Samern,Samern,Mitgliedsgemeinde,Schüttorf,2021,799,Zensus 2011,False,Z100300G,01.11.2021,
456020,03456020,03456,Samern,Samern,Mitgliedsgemeinde,Schüttorf,2022,808,Zensus 2022,True,Z100300G,01.11.2021,Ergebnis auf Basis Zensus 2022; 2022 und 2023 laut LSN auf Basis Zensus 2022 revidiert.
456020,03456020,03456,Samern,Samern,Mitgliedsgemeinde,Schüttorf,2023,817,Zensus 2022,False,Z100300G,01.11.2021,Ergebnis auf Basis Zensus 2022; 2022 und 2023 laut LSN auf Basis Zensus 2022 revidiert.
456020,03456020,03456,Samern,Samern,Mitgliedsgemeinde,Schüttorf,2024,810,Zensus 2022,False,Z100300G,01.11.2021,
456020,03456020,03456,Samern,Samern,Mitgliedsgemeinde,Schüttorf,2025,797,Zensus 2022,False,Z100300G,01.11.2021,
456027,03456027,03456,Schüttorf,"Schüttorf, Stadt",Mitgliedsgemeinde,Schüttorf,1821,1187,Nach Uelschen,False,Z100300G,01.11.2021,
456027,03456027,03456,Schüttorf,"Schüttorf, Stadt",Mitgliedsgemeinde,Schüttorf,1848,1676,Nach Uelschen,False,Z100300G,01.11.2021,
456027,03456027,03456,Schüttorf,"Schüttorf, Stadt",Mitgliedsgemeinde,Schüttorf,1871,1890,Nach Uelschen,False,Z100300G,01.11.2021,
456027,03456027,03456,Schüttorf,"Schüttorf, Stadt",Mitgliedsgemeinde,Schüttorf,1885,2836,Nach Uelschen,False,Z100300G,01.11.2021,
456027,03456027,03456,Schüttorf,"Schüttorf, Stadt",Mitgliedsgemeinde,Schüttorf,1905,4760,Nach Uelschen,False,Z100300G,01.11.2021,
456027,03456027,03456,Schüttorf,"Schüttorf, Stadt",Mitgliedsgemeinde,Schüttorf,1925,5234,Nach Uelschen,False,Z100300G,01.11.2021,
456027,03456027,03456,Schüttorf,"Schüttorf, Stadt",Mitgliedsgemeinde,Schüttorf,1933,5911,Nach Uelschen,False,Z100300G,01.11.2021,
456027,03456027,03456,Schüttorf,"Schüttorf, Stadt",Mitgliedsgemeinde,Schüttorf,1939,6078,Nach Uelschen,False,Z100300G,01.11.2021,
456027,03456027,03456,Schüttorf,"Schüttorf, Stadt",Mitgliedsgemeinde,Schüttorf,1946,7406,Nach Uelschen,False,Z100300G,01.11.2021,
456027,03456027,03456,Schüttorf,"Schüttorf, Stadt",Mitgliedsgemeinde,Schüttorf,1950,8402,Nach Uelschen,False,Z100300G,01.11.2021,
456027,03456027,03456,Schüttorf,"Schüttorf, Stadt",Mitgliedsgemeinde,Schüttorf,1956,8463,Nach Uelschen,False,Z100300G,01.11.2021,
456027,03456027,03456,Schüttorf,"Schüttorf, Stadt",Mitgliedsgemeinde,Schüttorf,1961,8750,Nach Uelschen,False,Z100300G,01.11.2021,
456027,03456027,03456,Schüttorf,"Schüttorf, Stadt",Mitgliedsgemeinde,Schüttorf,1970,9982,Basis VZ70,True,Z100300G,01.11.2021,
456027,03456027,03456,Schüttorf,"Schüttorf, Stadt",Mitgliedsgemeinde,Schüttorf,1987,10197,Basis VZ87,True,Z100300G,01.11.2021,
456027,03456027,03456,Schüttorf,"Schüttorf, Stadt",Mitgliedsgemeinde,Schüttorf,1989,10335,Basis VZ87,False,Z100300G,01.11.2021,
456027,03456027,03456,Schüttorf,"Schüttorf, Stadt",Mitgliedsgemeinde,Schüttorf,2010,12607,Basis VZ87,False,Z100300G,01.11.2021,
456027,03456027,03456,Schüttorf,"Schüttorf, Stadt",Mitgliedsgemeinde,Schüttorf,2011,12404,Zensus 2011,True,Z100300G,01.11.2021,
456027,03456027,03456,Schüttorf,"Schüttorf, Stadt",Mitgliedsgemeinde,Schüttorf,2012,12342,Zensus 2011,False,Z100300G,01.11.2021,
456027,03456027,03456,Schüttorf,"Schüttorf, Stadt",Mitgliedsgemeinde,Schüttorf,2013,12366,Zensus 2011,False,Z100300G,01.11.2021,
456027,03456027,03456,Schüttorf,"Schüttorf, Stadt",Mitgliedsgemeinde,Schüttorf,2014,12510,Zensus 2011,False,Z100300G,01.11.2021,
456027,03456027,03456,Schüttorf,"Schüttorf, Stadt",Mitgliedsgemeinde,Schüttorf,2015,12627,Zensus 2011,False,Z100300G,01.11.2021,
456027,03456027,03456,Schüttorf,"Schüttorf, Stadt",Mitgliedsgemeinde,Schüttorf,2016,12676,Zensus 2011,False,Z100300G,01.11.2021,
456027,03456027,03456,Schüttorf,"Schüttorf, Stadt",Mitgliedsgemeinde,Schüttorf,2017,12617,Zensus 2011,False,Z100300G,01.11.2021,
456027,03456027,03456,Schüttorf,"Schüttorf, Stadt",Mitgliedsgemeinde,Schüttorf,2018,12839,Zensus 2011,False,Z100300G,01.11.2021,
456027,03456027,03456,Schüttorf,"Schüttorf, Stadt",Mitgliedsgemeinde,Schüttorf,2019,12876,Zensus 2011,False,Z100300G,01.11.2021,
456027,03456027,03456,Schüttorf,"Schüttorf, Stadt",Mitgliedsgemeinde,Schüttorf,2020,12937,Zensus 2011,False,Z100300G,01.11.2021,
456027,03456027,03456,Schüttorf,"Schüttorf, Stadt",Mitgliedsgemeinde,Schüttorf,2021,12934,Zensus 2011,False,Z100300G,01.11.2021,
456027,03456027,03456,Schüttorf,"Schüttorf, Stadt",Mitgliedsgemeinde,Schüttorf,2022,13511,Zensus 2022,True,Z100300G,01.11.2021,Ergebnis auf Basis Zensus 2022; 2022 und 2023 laut LSN auf Basis Zensus 2022 revidiert.
456027,03456027,03456,Schüttorf,"Schüttorf, Stadt",Mitgliedsgemeinde,Schüttorf,2023,13643,Zensus 2022,False,Z100300G,01.11.2021,Ergebnis auf Basis Zensus 2022; 2022 und 2023 laut LSN auf Basis Zensus 2022 revidiert.
456027,03456027,03456,Schüttorf,"Schüttorf, Stadt",Mitgliedsgemeinde,Schüttorf,2024,13562,Zensus 2022,False,Z100300G,01.11.2021,
456027,03456027,03456,Schüttorf,"Schüttorf, Stadt",Mitgliedsgemeinde,Schüttorf,2025,13523,Zensus 2022,False,Z100300G,01.11.2021,
456006,03456006,03456,Getelo,Getelo,Mitgliedsgemeinde,Uelsen,1821,236,Nach Uelschen,False,Z100300G,01.11.2021,
456006,03456006,03456,Getelo,Getelo,Mitgliedsgemeinde,Uelsen,1848,240,Nach Uelschen,False,Z100300G,01.11.2021,
456006,03456006,03456,Getelo,Getelo,Mitgliedsgemeinde,Uelsen,1871,274,Nach Uelschen,False,Z100300G,01.11.2021,
456006,03456006,03456,Getelo,Getelo,Mitgliedsgemeinde,Uelsen,1885,351,Nach Uelschen,False,Z100300G,01.11.2021,
456006,03456006,03456,Getelo,Getelo,Mitgliedsgemeinde,Uelsen,1905,437,Nach Uelschen,False,Z100300G,01.11.2021,
456006,03456006,03456,Getelo,Getelo,Mitgliedsgemeinde,Uelsen,1925,519,Nach Uelschen,False,Z100300G,01.11.2021,
456006,03456006,03456,Getelo,Getelo,Mitgliedsgemeinde,Uelsen,1933,521,Nach Uelschen,False,Z100300G,01.11.2021,
456006,03456006,03456,Getelo,Getelo,Mitgliedsgemeinde,Uelsen,1939,552,Nach Uelschen,False,Z100300G,01.11.2021,
456006,03456006,03456,Getelo,Getelo,Mitgliedsgemeinde,Uelsen,1946,618,Nach Uelschen,False,Z100300G,01.11.2021,
456006,03456006,03456,Getelo,Getelo,Mitgliedsgemeinde,Uelsen,1950,647,Nach Uelschen,False,Z100300G,01.11.2021,
456006,03456006,03456,Getelo,Getelo,Mitgliedsgemeinde,Uelsen,1956,623,Nach Uelschen,False,Z100300G,01.11.2021,
456006,03456006,03456,Getelo,Getelo,Mitgliedsgemeinde,Uelsen,1961,602,Nach Uelschen,False,Z100300G,01.11.2021,
456006,03456006,03456,Getelo,Getelo,Mitgliedsgemeinde,Uelsen,1970,573,Basis VZ70,True,Z100300G,01.11.2021,
456006,03456006,03456,Getelo,Getelo,Mitgliedsgemeinde,Uelsen,1987,578,Basis VZ87,True,Z100300G,01.11.2021,
456006,03456006,03456,Getelo,Getelo,Mitgliedsgemeinde,Uelsen,1989,666,Basis VZ87,False,Z100300G,01.11.2021,
456006,03456006,03456,Getelo,Getelo,Mitgliedsgemeinde,Uelsen,2010,671,Basis VZ87,False,Z100300G,01.11.2021,
456006,03456006,03456,Getelo,Getelo,Mitgliedsgemeinde,Uelsen,2011,544,Zensus 2011,True,Z100300G,01.11.2021,
456006,03456006,03456,Getelo,Getelo,Mitgliedsgemeinde,Uelsen,2012,527,Zensus 2011,False,Z100300G,01.11.2021,
456006,03456006,03456,Getelo,Getelo,Mitgliedsgemeinde,Uelsen,2013,548,Zensus 2011,False,Z100300G,01.11.2021,
456006,03456006,03456,Getelo,Getelo,Mitgliedsgemeinde,Uelsen,2014,550,Zensus 2011,False,Z100300G,01.11.2021,
456006,03456006,03456,Getelo,Getelo,Mitgliedsgemeinde,Uelsen,2015,564,Zensus 2011,False,Z100300G,01.11.2021,
456006,03456006,03456,Getelo,Getelo,Mitgliedsgemeinde,Uelsen,2016,540,Zensus 2011,False,Z100300G,01.11.2021,
456006,03456006,03456,Getelo,Getelo,Mitgliedsgemeinde,Uelsen,2017,522,Zensus 2011,False,Z100300G,01.11.2021,
456006,03456006,03456,Getelo,Getelo,Mitgliedsgemeinde,Uelsen,2018,535,Zensus 2011,False,Z100300G,01.11.2021,
456006,03456006,03456,Getelo,Getelo,Mitgliedsgemeinde,Uelsen,2019,531,Zensus 2011,False,Z100300G,01.11.2021,
456006,03456006,03456,Getelo,Getelo,Mitgliedsgemeinde,Uelsen,2020,528,Zensus 2011,False,Z100300G,01.11.2021,
456006,03456006,03456,Getelo,Getelo,Mitgliedsgemeinde,Uelsen,2021,505,Zensus 2011,False,Z100300G,01.11.2021,
456006,03456006,03456,Getelo,Getelo,Mitgliedsgemeinde,Uelsen,2022,530,Zensus 2022,True,Z100300G,01.11.2021,Ergebnis auf Basis Zensus 2022; 2022 und 2023 laut LSN auf Basis Zensus 2022 revidiert.
456006,03456006,03456,Getelo,Getelo,Mitgliedsgemeinde,Uelsen,2023,504,Zensus 2022,False,Z100300G,01.11.2021,Ergebnis auf Basis Zensus 2022; 2022 und 2023 laut LSN auf Basis Zensus 2022 revidiert.
456006,03456006,03456,Getelo,Getelo,Mitgliedsgemeinde,Uelsen,2024,494,Zensus 2022,False,Z100300G,01.11.2021,
456006,03456006,03456,Getelo,Getelo,Mitgliedsgemeinde,Uelsen,2025,494,Zensus 2022,False,Z100300G,01.11.2021,
456007,03456007,03456,Gölenkamp,Gölenkamp,Mitgliedsgemeinde,Uelsen,1821,454,Nach Uelschen,False,Z100300G,01.11.2021,
456007,03456007,03456,Gölenkamp,Gölenkamp,Mitgliedsgemeinde,Uelsen,1848,434,Nach Uelschen,False,Z100300G,01.11.2021,
456007,03456007,03456,Gölenkamp,Gölenkamp,Mitgliedsgemeinde,Uelsen,1871,511,Nach Uelschen,False,Z100300G,01.11.2021,
456007,03456007,03456,Gölenkamp,Gölenkamp,Mitgliedsgemeinde,Uelsen,1885,505,Nach Uelschen,False,Z100300G,01.11.2021,
456007,03456007,03456,Gölenkamp,Gölenkamp,Mitgliedsgemeinde,Uelsen,1905,494,Nach Uelschen,False,Z100300G,01.11.2021,
456007,03456007,03456,Gölenkamp,Gölenkamp,Mitgliedsgemeinde,Uelsen,1925,673,Nach Uelschen,False,Z100300G,01.11.2021,
456007,03456007,03456,Gölenkamp,Gölenkamp,Mitgliedsgemeinde,Uelsen,1933,684,Nach Uelschen,False,Z100300G,01.11.2021,
456007,03456007,03456,Gölenkamp,Gölenkamp,Mitgliedsgemeinde,Uelsen,1939,669,Nach Uelschen,False,Z100300G,01.11.2021,
456007,03456007,03456,Gölenkamp,Gölenkamp,Mitgliedsgemeinde,Uelsen,1946,793,Nach Uelschen,False,Z100300G,01.11.2021,
456007,03456007,03456,Gölenkamp,Gölenkamp,Mitgliedsgemeinde,Uelsen,1950,823,Nach Uelschen,False,Z100300G,01.11.2021,
456007,03456007,03456,Gölenkamp,Gölenkamp,Mitgliedsgemeinde,Uelsen,1956,733,Nach Uelschen,False,Z100300G,01.11.2021,
456007,03456007,03456,Gölenkamp,Gölenkamp,Mitgliedsgemeinde,Uelsen,1961,723,Nach Uelschen,False,Z100300G,01.11.2021,
456007,03456007,03456,Gölenkamp,Gölenkamp,Mitgliedsgemeinde,Uelsen,1970,745,Basis VZ70,True,Z100300G,01.11.2021,
456007,03456007,03456,Gölenkamp,Gölenkamp,Mitgliedsgemeinde,Uelsen,1987,689,Basis VZ87,True,Z100300G,01.11.2021,
456007,03456007,03456,Gölenkamp,Gölenkamp,Mitgliedsgemeinde,Uelsen,1989,677,Basis VZ87,False,Z100300G,01.11.2021,
456007,03456007,03456,Gölenkamp,Gölenkamp,Mitgliedsgemeinde,Uelsen,2010,631,Basis VZ87,False,Z100300G,01.11.2021,
456007,03456007,03456,Gölenkamp,Gölenkamp,Mitgliedsgemeinde,Uelsen,2011,611,Zensus 2011,True,Z100300G,01.11.2021,
456007,03456007,03456,Gölenkamp,Gölenkamp,Mitgliedsgemeinde,Uelsen,2012,596,Zensus 2011,False,Z100300G,01.11.2021,
456007,03456007,03456,Gölenkamp,Gölenkamp,Mitgliedsgemeinde,Uelsen,2013,591,Zensus 2011,False,Z100300G,01.11.2021,
456007,03456007,03456,Gölenkamp,Gölenkamp,Mitgliedsgemeinde,Uelsen,2014,588,Zensus 2011,False,Z100300G,01.11.2021,
456007,03456007,03456,Gölenkamp,Gölenkamp,Mitgliedsgemeinde,Uelsen,2015,592,Zensus 2011,False,Z100300G,01.11.2021,
456007,03456007,03456,Gölenkamp,Gölenkamp,Mitgliedsgemeinde,Uelsen,2016,585,Zensus 2011,False,Z100300G,01.11.2021,
456007,03456007,03456,Gölenkamp,Gölenkamp,Mitgliedsgemeinde,Uelsen,2017,585,Zensus 2011,False,Z100300G,01.11.2021,
456007,03456007,03456,Gölenkamp,Gölenkamp,Mitgliedsgemeinde,Uelsen,2018,580,Zensus 2011,False,Z100300G,01.11.2021,
456007,03456007,03456,Gölenkamp,Gölenkamp,Mitgliedsgemeinde,Uelsen,2019,579,Zensus 2011,False,Z100300G,01.11.2021,
456007,03456007,03456,Gölenkamp,Gölenkamp,Mitgliedsgemeinde,Uelsen,2020,581,Zensus 2011,False,Z100300G,01.11.2021,
456007,03456007,03456,Gölenkamp,Gölenkamp,Mitgliedsgemeinde,Uelsen,2021,577,Zensus 2011,False,Z100300G,01.11.2021,
456007,03456007,03456,Gölenkamp,Gölenkamp,Mitgliedsgemeinde,Uelsen,2022,593,Zensus 2022,True,Z100300G,01.11.2021,Ergebnis auf Basis Zensus 2022; 2022 und 2023 laut LSN auf Basis Zensus 2022 revidiert.
456007,03456007,03456,Gölenkamp,Gölenkamp,Mitgliedsgemeinde,Uelsen,2023,594,Zensus 2022,False,Z100300G,01.11.2021,Ergebnis auf Basis Zensus 2022; 2022 und 2023 laut LSN auf Basis Zensus 2022 revidiert.
456007,03456007,03456,Gölenkamp,Gölenkamp,Mitgliedsgemeinde,Uelsen,2024,593,Zensus 2022,False,Z100300G,01.11.2021,
456007,03456007,03456,Gölenkamp,Gölenkamp,Mitgliedsgemeinde,Uelsen,2025,597,Zensus 2022,False,Z100300G,01.11.2021,
456008,03456008,03456,Halle,Halle,Mitgliedsgemeinde,Uelsen,1821,528,Nach Uelschen,False,Z100300G,01.11.2021,
456008,03456008,03456,Halle,Halle,Mitgliedsgemeinde,Uelsen,1848,554,Nach Uelschen,False,Z100300G,01.11.2021,
456008,03456008,03456,Halle,Halle,Mitgliedsgemeinde,Uelsen,1871,546,Nach Uelschen,False,Z100300G,01.11.2021,
456008,03456008,03456,Halle,Halle,Mitgliedsgemeinde,Uelsen,1885,538,Nach Uelschen,False,Z100300G,01.11.2021,
456008,03456008,03456,Halle,Halle,Mitgliedsgemeinde,Uelsen,1905,610,Nach Uelschen,False,Z100300G,01.11.2021,
456008,03456008,03456,Halle,Halle,Mitgliedsgemeinde,Uelsen,1925,716,Nach Uelschen,False,Z100300G,01.11.2021,
456008,03456008,03456,Halle,Halle,Mitgliedsgemeinde,Uelsen,1933,689,Nach Uelschen,False,Z100300G,01.11.2021,
456008,03456008,03456,Halle,Halle,Mitgliedsgemeinde,Uelsen,1939,700,Nach Uelschen,False,Z100300G,01.11.2021,
456008,03456008,03456,Halle,Halle,Mitgliedsgemeinde,Uelsen,1946,853,Nach Uelschen,False,Z100300G,01.11.2021,
456008,03456008,03456,Halle,Halle,Mitgliedsgemeinde,Uelsen,1950,928,Nach Uelschen,False,Z100300G,01.11.2021,
456008,03456008,03456,Halle,Halle,Mitgliedsgemeinde,Uelsen,1956,826,Nach Uelschen,False,Z100300G,01.11.2021,
456008,03456008,03456,Halle,Halle,Mitgliedsgemeinde,Uelsen,1961,773,Nach Uelschen,False,Z100300G,01.11.2021,
456008,03456008,03456,Halle,Halle,Mitgliedsgemeinde,Uelsen,1970,765,Basis VZ70,True,Z100300G,01.11.2021,
456008,03456008,03456,Halle,Halle,Mitgliedsgemeinde,Uelsen,1987,695,Basis VZ87,True,Z100300G,01.11.2021,
456008,03456008,03456,Halle,Halle,Mitgliedsgemeinde,Uelsen,1989,701,Basis VZ87,False,Z100300G,01.11.2021,
456008,03456008,03456,Halle,Halle,Mitgliedsgemeinde,Uelsen,2010,651,Basis VZ87,False,Z100300G,01.11.2021,
456008,03456008,03456,Halle,Halle,Mitgliedsgemeinde,Uelsen,2011,667,Zensus 2011,True,Z100300G,01.11.2021,
456008,03456008,03456,Halle,Halle,Mitgliedsgemeinde,Uelsen,2012,673,Zensus 2011,False,Z100300G,01.11.2021,
456008,03456008,03456,Halle,Halle,Mitgliedsgemeinde,Uelsen,2013,663,Zensus 2011,False,Z100300G,01.11.2021,
456008,03456008,03456,Halle,Halle,Mitgliedsgemeinde,Uelsen,2014,663,Zensus 2011,False,Z100300G,01.11.2021,
456008,03456008,03456,Halle,Halle,Mitgliedsgemeinde,Uelsen,2015,648,Zensus 2011,False,Z100300G,01.11.2021,
456008,03456008,03456,Halle,Halle,Mitgliedsgemeinde,Uelsen,2016,659,Zensus 2011,False,Z100300G,01.11.2021,
456008,03456008,03456,Halle,Halle,Mitgliedsgemeinde,Uelsen,2017,666,Zensus 2011,False,Z100300G,01.11.2021,
456008,03456008,03456,Halle,Halle,Mitgliedsgemeinde,Uelsen,2018,666,Zensus 2011,False,Z100300G,01.11.2021,
456008,03456008,03456,Halle,Halle,Mitgliedsgemeinde,Uelsen,2019,666,Zensus 2011,False,Z100300G,01.11.2021,
456008,03456008,03456,Halle,Halle,Mitgliedsgemeinde,Uelsen,2020,676,Zensus 2011,False,Z100300G,01.11.2021,
456008,03456008,03456,Halle,Halle,Mitgliedsgemeinde,Uelsen,2021,681,Zensus 2011,False,Z100300G,01.11.2021,
456008,03456008,03456,Halle,Halle,Mitgliedsgemeinde,Uelsen,2022,679,Zensus 2022,True,Z100300G,01.11.2021,Ergebnis auf Basis Zensus 2022; 2022 und 2023 laut LSN auf Basis Zensus 2022 revidiert.
456008,03456008,03456,Halle,Halle,Mitgliedsgemeinde,Uelsen,2023,672,Zensus 2022,False,Z100300G,01.11.2021,Ergebnis auf Basis Zensus 2022; 2022 und 2023 laut LSN auf Basis Zensus 2022 revidiert.
456008,03456008,03456,Halle,Halle,Mitgliedsgemeinde,Uelsen,2024,652,Zensus 2022,False,Z100300G,01.11.2021,
456008,03456008,03456,Halle,Halle,Mitgliedsgemeinde,Uelsen,2025,653,Zensus 2022,False,Z100300G,01.11.2021,
456011,03456011,03456,Itterbeck,Itterbeck,Mitgliedsgemeinde,Uelsen,1821,268,Nach Uelschen,False,Z100300G,01.11.2021,
456011,03456011,03456,Itterbeck,Itterbeck,Mitgliedsgemeinde,Uelsen,1848,262,Nach Uelschen,False,Z100300G,01.11.2021,
456011,03456011,03456,Itterbeck,Itterbeck,Mitgliedsgemeinde,Uelsen,1871,646,Nach Uelschen,False,Z100300G,01.11.2021,
456011,03456011,03456,Itterbeck,Itterbeck,Mitgliedsgemeinde,Uelsen,1885,791,Nach Uelschen,False,Z100300G,01.11.2021,
456011,03456011,03456,Itterbeck,Itterbeck,Mitgliedsgemeinde,Uelsen,1905,894,Nach Uelschen,False,Z100300G,01.11.2021,
456011,03456011,03456,Itterbeck,Itterbeck,Mitgliedsgemeinde,Uelsen,1925,1050,Nach Uelschen,False,Z100300G,01.11.2021,
456011,03456011,03456,Itterbeck,Itterbeck,Mitgliedsgemeinde,Uelsen,1933,1035,Nach Uelschen,False,Z100300G,01.11.2021,
456011,03456011,03456,Itterbeck,Itterbeck,Mitgliedsgemeinde,Uelsen,1939,1095,Nach Uelschen,False,Z100300G,01.11.2021,
456011,03456011,03456,Itterbeck,Itterbeck,Mitgliedsgemeinde,Uelsen,1946,1375,Nach Uelschen,False,Z100300G,01.11.2021,
456011,03456011,03456,Itterbeck,Itterbeck,Mitgliedsgemeinde,Uelsen,1950,1322,Nach Uelschen,False,Z100300G,01.11.2021,
456011,03456011,03456,Itterbeck,Itterbeck,Mitgliedsgemeinde,Uelsen,1956,1214,Nach Uelschen,False,Z100300G,01.11.2021,
456011,03456011,03456,Itterbeck,Itterbeck,Mitgliedsgemeinde,Uelsen,1961,1201,Nach Uelschen,False,Z100300G,01.11.2021,
456011,03456011,03456,Itterbeck,Itterbeck,Mitgliedsgemeinde,Uelsen,1970,1343,Basis VZ70,True,Z100300G,01.11.2021,
456011,03456011,03456,Itterbeck,Itterbeck,Mitgliedsgemeinde,Uelsen,1987,1627,Basis VZ87,True,Z100300G,01.11.2021,
456011,03456011,03456,Itterbeck,Itterbeck,Mitgliedsgemeinde,Uelsen,1989,1684,Basis VZ87,False,Z100300G,01.11.2021,
456011,03456011,03456,Itterbeck,Itterbeck,Mitgliedsgemeinde,Uelsen,2010,1775,Basis VZ87,False,Z100300G,01.11.2021,
456011,03456011,03456,Itterbeck,Itterbeck,Mitgliedsgemeinde,Uelsen,2011,1813,Zensus 2011,True,Z100300G,01.11.2021,
456011,03456011,03456,Itterbeck,Itterbeck,Mitgliedsgemeinde,Uelsen,2012,1801,Zensus 2011,False,Z100300G,01.11.2021,
456011,03456011,03456,Itterbeck,Itterbeck,Mitgliedsgemeinde,Uelsen,2013,1773,Zensus 2011,False,Z100300G,01.11.2021,
456011,03456011,03456,Itterbeck,Itterbeck,Mitgliedsgemeinde,Uelsen,2014,1760,Zensus 2011,False,Z100300G,01.11.2021,
456011,03456011,03456,Itterbeck,Itterbeck,Mitgliedsgemeinde,Uelsen,2015,1747,Zensus 2011,False,Z100300G,01.11.2021,
456011,03456011,03456,Itterbeck,Itterbeck,Mitgliedsgemeinde,Uelsen,2016,1760,Zensus 2011,False,Z100300G,01.11.2021,
456011,03456011,03456,Itterbeck,Itterbeck,Mitgliedsgemeinde,Uelsen,2017,1760,Zensus 2011,False,Z100300G,01.11.2021,
456011,03456011,03456,Itterbeck,Itterbeck,Mitgliedsgemeinde,Uelsen,2018,1782,Zensus 2011,False,Z100300G,01.11.2021,
456011,03456011,03456,Itterbeck,Itterbeck,Mitgliedsgemeinde,Uelsen,2019,1756,Zensus 2011,False,Z100300G,01.11.2021,
456011,03456011,03456,Itterbeck,Itterbeck,Mitgliedsgemeinde,Uelsen,2020,1753,Zensus 2011,False,Z100300G,01.11.2021,
456011,03456011,03456,Itterbeck,Itterbeck,Mitgliedsgemeinde,Uelsen,2021,1732,Zensus 2011,False,Z100300G,01.11.2021,
456011,03456011,03456,Itterbeck,Itterbeck,Mitgliedsgemeinde,Uelsen,2022,1728,Zensus 2022,True,Z100300G,01.11.2021,Ergebnis auf Basis Zensus 2022; 2022 und 2023 laut LSN auf Basis Zensus 2022 revidiert.
456011,03456011,03456,Itterbeck,Itterbeck,Mitgliedsgemeinde,Uelsen,2023,1718,Zensus 2022,False,Z100300G,01.11.2021,Ergebnis auf Basis Zensus 2022; 2022 und 2023 laut LSN auf Basis Zensus 2022 revidiert.
456011,03456011,03456,Itterbeck,Itterbeck,Mitgliedsgemeinde,Uelsen,2024,1690,Zensus 2022,False,Z100300G,01.11.2021,
456011,03456011,03456,Itterbeck,Itterbeck,Mitgliedsgemeinde,Uelsen,2025,1697,Zensus 2022,False,Z100300G,01.11.2021,
456023,03456023,03456,Uelsen,Uelsen,Mitgliedsgemeinde,Uelsen,1821,1145,Nach Uelschen,False,Z100300G,01.11.2021,
456023,03456023,03456,Uelsen,Uelsen,Mitgliedsgemeinde,Uelsen,1848,1299,Nach Uelschen,False,Z100300G,01.11.2021,
456023,03456023,03456,Uelsen,Uelsen,Mitgliedsgemeinde,Uelsen,1871,1358,Nach Uelschen,False,Z100300G,01.11.2021,
456023,03456023,03456,Uelsen,Uelsen,Mitgliedsgemeinde,Uelsen,1885,1210,Nach Uelschen,False,Z100300G,01.11.2021,
456023,03456023,03456,Uelsen,Uelsen,Mitgliedsgemeinde,Uelsen,1905,1335,Nach Uelschen,False,Z100300G,01.11.2021,
456023,03456023,03456,Uelsen,Uelsen,Mitgliedsgemeinde,Uelsen,1925,1606,Nach Uelschen,False,Z100300G,01.11.2021,
456023,03456023,03456,Uelsen,Uelsen,Mitgliedsgemeinde,Uelsen,1933,1850,Nach Uelschen,False,Z100300G,01.11.2021,
456023,03456023,03456,Uelsen,Uelsen,Mitgliedsgemeinde,Uelsen,1939,1932,Nach Uelschen,False,Z100300G,01.11.2021,
456023,03456023,03456,Uelsen,Uelsen,Mitgliedsgemeinde,Uelsen,1946,2274,Nach Uelschen,False,Z100300G,01.11.2021,
456023,03456023,03456,Uelsen,Uelsen,Mitgliedsgemeinde,Uelsen,1950,2441,Nach Uelschen,False,Z100300G,01.11.2021,
456023,03456023,03456,Uelsen,Uelsen,Mitgliedsgemeinde,Uelsen,1956,2663,Nach Uelschen,False,Z100300G,01.11.2021,
456023,03456023,03456,Uelsen,Uelsen,Mitgliedsgemeinde,Uelsen,1961,2908,Nach Uelschen,False,Z100300G,01.11.2021,
456023,03456023,03456,Uelsen,Uelsen,Mitgliedsgemeinde,Uelsen,1970,3314,Basis VZ70,True,Z100300G,01.11.2021,
456023,03456023,03456,Uelsen,Uelsen,Mitgliedsgemeinde,Uelsen,1987,4093,Basis VZ87,True,Z100300G,01.11.2021,
456023,03456023,03456,Uelsen,Uelsen,Mitgliedsgemeinde,Uelsen,1989,4107,Basis VZ87,False,Z100300G,01.11.2021,
456023,03456023,03456,Uelsen,Uelsen,Mitgliedsgemeinde,Uelsen,2010,5438,Basis VZ87,False,Z100300G,01.11.2021,
456023,03456023,03456,Uelsen,Uelsen,Mitgliedsgemeinde,Uelsen,2011,5467,Zensus 2011,True,Z100300G,01.11.2021,
456023,03456023,03456,Uelsen,Uelsen,Mitgliedsgemeinde,Uelsen,2012,5421,Zensus 2011,False,Z100300G,01.11.2021,
456023,03456023,03456,Uelsen,Uelsen,Mitgliedsgemeinde,Uelsen,2013,5458,Zensus 2011,False,Z100300G,01.11.2021,
456023,03456023,03456,Uelsen,Uelsen,Mitgliedsgemeinde,Uelsen,2014,5468,Zensus 2011,False,Z100300G,01.11.2021,
456023,03456023,03456,Uelsen,Uelsen,Mitgliedsgemeinde,Uelsen,2015,5558,Zensus 2011,False,Z100300G,01.11.2021,
456023,03456023,03456,Uelsen,Uelsen,Mitgliedsgemeinde,Uelsen,2016,5565,Zensus 2011,False,Z100300G,01.11.2021,
456023,03456023,03456,Uelsen,Uelsen,Mitgliedsgemeinde,Uelsen,2017,5597,Zensus 2011,False,Z100300G,01.11.2021,
456023,03456023,03456,Uelsen,Uelsen,Mitgliedsgemeinde,Uelsen,2018,5615,Zensus 2011,False,Z100300G,01.11.2021,
456023,03456023,03456,Uelsen,Uelsen,Mitgliedsgemeinde,Uelsen,2019,5687,Zensus 2011,False,Z100300G,01.11.2021,
456023,03456023,03456,Uelsen,Uelsen,Mitgliedsgemeinde,Uelsen,2020,5779,Zensus 2011,False,Z100300G,01.11.2021,
456023,03456023,03456,Uelsen,Uelsen,Mitgliedsgemeinde,Uelsen,2021,5771,Zensus 2011,False,Z100300G,01.11.2021,
456023,03456023,03456,Uelsen,Uelsen,Mitgliedsgemeinde,Uelsen,2022,5912,Zensus 2022,True,Z100300G,01.11.2021,Ergebnis auf Basis Zensus 2022; 2022 und 2023 laut LSN auf Basis Zensus 2022 revidiert.
456023,03456023,03456,Uelsen,Uelsen,Mitgliedsgemeinde,Uelsen,2023,5927,Zensus 2022,False,Z100300G,01.11.2021,Ergebnis auf Basis Zensus 2022; 2022 und 2023 laut LSN auf Basis Zensus 2022 revidiert.
456023,03456023,03456,Uelsen,Uelsen,Mitgliedsgemeinde,Uelsen,2024,5909,Zensus 2022,False,Z100300G,01.11.2021,
456023,03456023,03456,Uelsen,Uelsen,Mitgliedsgemeinde,Uelsen,2025,5930,Zensus 2022,False,Z100300G,01.11.2021,
456024,03456024,03456,Wielen,Wielen,Mitgliedsgemeinde,Uelsen,1821,145,Nach Uelschen,False,Z100300G,01.11.2021,
456024,03456024,03456,Wielen,Wielen,Mitgliedsgemeinde,Uelsen,1848,163,Nach Uelschen,False,Z100300G,01.11.2021,
456024,03456024,03456,Wielen,Wielen,Mitgliedsgemeinde,Uelsen,1871,175,Nach Uelschen,False,Z100300G,01.11.2021,
456024,03456024,03456,Wielen,Wielen,Mitgliedsgemeinde,Uelsen,1885,213,Nach Uelschen,False,Z100300G,01.11.2021,
456024,03456024,03456,Wielen,Wielen,Mitgliedsgemeinde,Uelsen,1905,239,Nach Uelschen,False,Z100300G,01.11.2021,
456024,03456024,03456,Wielen,Wielen,Mitgliedsgemeinde,Uelsen,1925,363,Nach Uelschen,False,Z100300G,01.11.2021,
456024,03456024,03456,Wielen,Wielen,Mitgliedsgemeinde,Uelsen,1933,467,Nach Uelschen,False,Z100300G,01.11.2021,
456024,03456024,03456,Wielen,Wielen,Mitgliedsgemeinde,Uelsen,1939,554,Nach Uelschen,False,Z100300G,01.11.2021,
456024,03456024,03456,Wielen,Wielen,Mitgliedsgemeinde,Uelsen,1946,650,Nach Uelschen,False,Z100300G,01.11.2021,
456024,03456024,03456,Wielen,Wielen,Mitgliedsgemeinde,Uelsen,1950,693,Nach Uelschen,False,Z100300G,01.11.2021,
456024,03456024,03456,Wielen,Wielen,Mitgliedsgemeinde,Uelsen,1956,630,Nach Uelschen,False,Z100300G,01.11.2021,
456024,03456024,03456,Wielen,Wielen,Mitgliedsgemeinde,Uelsen,1961,633,Nach Uelschen,False,Z100300G,01.11.2021,
456024,03456024,03456,Wielen,Wielen,Mitgliedsgemeinde,Uelsen,1970,614,Basis VZ70,True,Z100300G,01.11.2021,
456024,03456024,03456,Wielen,Wielen,Mitgliedsgemeinde,Uelsen,1987,605,Basis VZ87,True,Z100300G,01.11.2021,
456024,03456024,03456,Wielen,Wielen,Mitgliedsgemeinde,Uelsen,1989,595,Basis VZ87,False,Z100300G,01.11.2021,
456024,03456024,03456,Wielen,Wielen,Mitgliedsgemeinde,Uelsen,2010,565,Basis VZ87,False,Z100300G,01.11.2021,
456024,03456024,03456,Wielen,Wielen,Mitgliedsgemeinde,Uelsen,2011,587,Zensus 2011,True,Z100300G,01.11.2021,
456024,03456024,03456,Wielen,Wielen,Mitgliedsgemeinde,Uelsen,2012,580,Zensus 2011,False,Z100300G,01.11.2021,
456024,03456024,03456,Wielen,Wielen,Mitgliedsgemeinde,Uelsen,2013,558,Zensus 2011,False,Z100300G,01.11.2021,
456024,03456024,03456,Wielen,Wielen,Mitgliedsgemeinde,Uelsen,2014,551,Zensus 2011,False,Z100300G,01.11.2021,
456024,03456024,03456,Wielen,Wielen,Mitgliedsgemeinde,Uelsen,2015,543,Zensus 2011,False,Z100300G,01.11.2021,
456024,03456024,03456,Wielen,Wielen,Mitgliedsgemeinde,Uelsen,2016,534,Zensus 2011,False,Z100300G,01.11.2021,
456024,03456024,03456,Wielen,Wielen,Mitgliedsgemeinde,Uelsen,2017,522,Zensus 2011,False,Z100300G,01.11.2021,
456024,03456024,03456,Wielen,Wielen,Mitgliedsgemeinde,Uelsen,2018,530,Zensus 2011,False,Z100300G,01.11.2021,
456024,03456024,03456,Wielen,Wielen,Mitgliedsgemeinde,Uelsen,2019,516,Zensus 2011,False,Z100300G,01.11.2021,
456024,03456024,03456,Wielen,Wielen,Mitgliedsgemeinde,Uelsen,2020,505,Zensus 2011,False,Z100300G,01.11.2021,
456024,03456024,03456,Wielen,Wielen,Mitgliedsgemeinde,Uelsen,2021,500,Zensus 2011,False,Z100300G,01.11.2021,
456024,03456024,03456,Wielen,Wielen,Mitgliedsgemeinde,Uelsen,2022,510,Zensus 2022,True,Z100300G,01.11.2021,Ergebnis auf Basis Zensus 2022; 2022 und 2023 laut LSN auf Basis Zensus 2022 revidiert.
456024,03456024,03456,Wielen,Wielen,Mitgliedsgemeinde,Uelsen,2023,505,Zensus 2022,False,Z100300G,01.11.2021,Ergebnis auf Basis Zensus 2022; 2022 und 2023 laut LSN auf Basis Zensus 2022 revidiert.
456024,03456024,03456,Wielen,Wielen,Mitgliedsgemeinde,Uelsen,2024,483,Zensus 2022,False,Z100300G,01.11.2021,
456024,03456024,03456,Wielen,Wielen,Mitgliedsgemeinde,Uelsen,2025,503,Zensus 2022,False,Z100300G,01.11.2021,
456026,03456026,03456,Wilsum,Wilsum,Mitgliedsgemeinde,Uelsen,1821,709,Nach Uelschen,False,Z100300G,01.11.2021,
456026,03456026,03456,Wilsum,Wilsum,Mitgliedsgemeinde,Uelsen,1848,651,Nach Uelschen,False,Z100300G,01.11.2021,
456026,03456026,03456,Wilsum,Wilsum,Mitgliedsgemeinde,Uelsen,1871,674,Nach Uelschen,False,Z100300G,01.11.2021,
456026,03456026,03456,Wilsum,Wilsum,Mitgliedsgemeinde,Uelsen,1885,706,Nach Uelschen,False,Z100300G,01.11.2021,
456026,03456026,03456,Wilsum,Wilsum,Mitgliedsgemeinde,Uelsen,1905,915,Nach Uelschen,False,Z100300G,01.11.2021,
456026,03456026,03456,Wilsum,Wilsum,Mitgliedsgemeinde,Uelsen,1925,1187,Nach Uelschen,False,Z100300G,01.11.2021,
456026,03456026,03456,Wilsum,Wilsum,Mitgliedsgemeinde,Uelsen,1933,1206,Nach Uelschen,False,Z100300G,01.11.2021,
456026,03456026,03456,Wilsum,Wilsum,Mitgliedsgemeinde,Uelsen,1939,1214,Nach Uelschen,False,Z100300G,01.11.2021,
456026,03456026,03456,Wilsum,Wilsum,Mitgliedsgemeinde,Uelsen,1946,1560,Nach Uelschen,False,Z100300G,01.11.2021,
456026,03456026,03456,Wilsum,Wilsum,Mitgliedsgemeinde,Uelsen,1950,1558,Nach Uelschen,False,Z100300G,01.11.2021,
456026,03456026,03456,Wilsum,Wilsum,Mitgliedsgemeinde,Uelsen,1956,1434,Nach Uelschen,False,Z100300G,01.11.2021,
456026,03456026,03456,Wilsum,Wilsum,Mitgliedsgemeinde,Uelsen,1961,1405,Nach Uelschen,False,Z100300G,01.11.2021,
456026,03456026,03456,Wilsum,Wilsum,Mitgliedsgemeinde,Uelsen,1970,1513,Basis VZ70,True,Z100300G,01.11.2021,
456026,03456026,03456,Wilsum,Wilsum,Mitgliedsgemeinde,Uelsen,1987,1499,Basis VZ87,True,Z100300G,01.11.2021,
456026,03456026,03456,Wilsum,Wilsum,Mitgliedsgemeinde,Uelsen,1989,1518,Basis VZ87,False,Z100300G,01.11.2021,
456026,03456026,03456,Wilsum,Wilsum,Mitgliedsgemeinde,Uelsen,2010,1652,Basis VZ87,False,Z100300G,01.11.2021,
456026,03456026,03456,Wilsum,Wilsum,Mitgliedsgemeinde,Uelsen,2011,1624,Zensus 2011,True,Z100300G,01.11.2021,
456026,03456026,03456,Wilsum,Wilsum,Mitgliedsgemeinde,Uelsen,2012,1618,Zensus 2011,False,Z100300G,01.11.2021,
456026,03456026,03456,Wilsum,Wilsum,Mitgliedsgemeinde,Uelsen,2013,1600,Zensus 2011,False,Z100300G,01.11.2021,
456026,03456026,03456,Wilsum,Wilsum,Mitgliedsgemeinde,Uelsen,2014,1589,Zensus 2011,False,Z100300G,01.11.2021,
456026,03456026,03456,Wilsum,Wilsum,Mitgliedsgemeinde,Uelsen,2015,1607,Zensus 2011,False,Z100300G,01.11.2021,
456026,03456026,03456,Wilsum,Wilsum,Mitgliedsgemeinde,Uelsen,2016,1599,Zensus 2011,False,Z100300G,01.11.2021,
456026,03456026,03456,Wilsum,Wilsum,Mitgliedsgemeinde,Uelsen,2017,1572,Zensus 2011,False,Z100300G,01.11.2021,
456026,03456026,03456,Wilsum,Wilsum,Mitgliedsgemeinde,Uelsen,2018,1586,Zensus 2011,False,Z100300G,01.11.2021,
456026,03456026,03456,Wilsum,Wilsum,Mitgliedsgemeinde,Uelsen,2019,1577,Zensus 2011,False,Z100300G,01.11.2021,
456026,03456026,03456,Wilsum,Wilsum,Mitgliedsgemeinde,Uelsen,2020,1616,Zensus 2011,False,Z100300G,01.11.2021,
456026,03456026,03456,Wilsum,Wilsum,Mitgliedsgemeinde,Uelsen,2021,1615,Zensus 2011,False,Z100300G,01.11.2021,
456026,03456026,03456,Wilsum,Wilsum,Mitgliedsgemeinde,Uelsen,2022,1667,Zensus 2022,True,Z100300G,01.11.2021,Ergebnis auf Basis Zensus 2022; 2022 und 2023 laut LSN auf Basis Zensus 2022 revidiert.
456026,03456026,03456,Wilsum,Wilsum,Mitgliedsgemeinde,Uelsen,2023,1646,Zensus 2022,False,Z100300G,01.11.2021,Ergebnis auf Basis Zensus 2022; 2022 und 2023 laut LSN auf Basis Zensus 2022 revidiert.
456026,03456026,03456,Wilsum,Wilsum,Mitgliedsgemeinde,Uelsen,2024,1646,Zensus 2022,False,Z100300G,01.11.2021,
456026,03456026,03456,Wilsum,Wilsum,Mitgliedsgemeinde,Uelsen,2025,1594,Zensus 2022,False,Z100300G,01.11.2021,
