lsn_code;region_name;year;durchschnittsalter
456;Grafschaft Bentheim;1970;33,0
456;Grafschaft Bentheim;1975;34,0
456;Grafschaft Bentheim;1980;35,4
456;Grafschaft Bentheim;1985;36,7
456;Grafschaft Bentheim;1990;37,7
456;Grafschaft Bentheim;1995;38,2
456;Grafschaft Bentheim;2000;39,2
456;Grafschaft Bentheim;2005;40,4
456;Grafschaft Bentheim;2010;42,0
456;Grafschaft Bentheim;2011;42,4
456;Grafschaft Bentheim;2012;42,7
456;Grafschaft Bentheim;2013;42,9
456;Grafschaft Bentheim;2014;43,1
456;Grafschaft Bentheim;2015;43,2
456;Grafschaft Bentheim;2016;43,4
456;Grafschaft Bentheim;2017;43,6
456;Grafschaft Bentheim;2018;43,7
456;Grafschaft Bentheim;2019;43,8
456;Grafschaft Bentheim;2020;43,9
456;Grafschaft Bentheim;2021;44,0
456;Grafschaft Bentheim;2022;44,0
456;Grafschaft Bentheim;2023;44,1
456;Grafschaft Bentheim;2024;44,3
456;Grafschaft Bentheim;2025;44,5
456001;Bad Bentheim;1970;35,2
456001;Bad Bentheim;1975;35,3
456001;Bad Bentheim;1980;36,2
456001;Bad Bentheim;1985;38,0
456001;Bad Bentheim;1990;39,2
456001;Bad Bentheim;1995;39,8
456001;Bad Bentheim;2000;41,1
456001;Bad Bentheim;2005;42,4
456001;Bad Bentheim;2010;43,8
456001;Bad Bentheim;2011;44,3
456001;Bad Bentheim;2012;44,7
456001;Bad Bentheim;2013;44,9
456001;Bad Bentheim;2014;45,2
456001;Bad Bentheim;2015;45,0
456001;Bad Bentheim;2016;45,1
456001;Bad Bentheim;2017;45,2
456001;Bad Bentheim;2018;45,3
456001;Bad Bentheim;2019;45,3
456001;Bad Bentheim;2020;45,2
456001;Bad Bentheim;2021;45,3
456001;Bad Bentheim;2022;45,0
456001;Bad Bentheim;2023;45,1
456001;Bad Bentheim;2024;45,3
456001;Bad Bentheim;2025;45,6
456015;Nordhorn;1970;33,5
456015;Nordhorn;1975;34,8
456015;Nordhorn;1980;36,6
456015;Nordhorn;1985;38,0
456015;Nordhorn;1990;38,9
456015;Nordhorn;1995;39,5
456015;Nordhorn;2000;40,5
456015;Nordhorn;2005;41,6
456015;Nordhorn;2010;43,0
456015;Nordhorn;2011;43,5
456015;Nordhorn;2012;43,6
456015;Nordhorn;2013;43,8
456015;Nordhorn;2014;44,0
456015;Nordhorn;2015;43,9
456015;Nordhorn;2016;44,1
456015;Nordhorn;2017;44,2
456015;Nordhorn;2018;44,3
456015;Nordhorn;2019;44,3
456015;Nordhorn;2020;44,4
456015;Nordhorn;2021;44,4
456015;Nordhorn;2022;44,6
456015;Nordhorn;2023;44,5
456015;Nordhorn;2024;44,5
456015;Nordhorn;2025;44,6
456025;Wietmarschen;1970;27,9
456025;Wietmarschen;1975;28,3
456025;Wietmarschen;1980;29,3
456025;Wietmarschen;1985;31,3
456025;Wietmarschen;1990;32,9
456025;Wietmarschen;1995;33,5
456025;Wietmarschen;2000;34,5
456025;Wietmarschen;2005;35,9
456025;Wietmarschen;2010;37,8
456025;Wietmarschen;2011;38,6
456025;Wietmarschen;2012;38,9
456025;Wietmarschen;2013;39,2
456025;Wietmarschen;2014;39,5
456025;Wietmarschen;2015;39,7
456025;Wietmarschen;2016;40,0
456025;Wietmarschen;2017;40,2
456025;Wietmarschen;2018;40,5
456025;Wietmarschen;2019;40,8
456025;Wietmarschen;2020;41,0
456025;Wietmarschen;2021;41,2
456025;Wietmarschen;2022;41,4
456025;Wietmarschen;2023;41,6
456025;Wietmarschen;2024;42,0
456025;Wietmarschen;2025;42,3
456002;Emlichheim;1970;31,2
456002;Emlichheim;1975;32,5
456002;Emlichheim;1980;34,9
456002;Emlichheim;1985;36,2
456002;Emlichheim;1990;36,9
456002;Emlichheim;1995;37,2
456002;Emlichheim;2000;38,2
456002;Emlichheim;2005;39,5
456002;Emlichheim;2010;41,3
456002;Emlichheim;2011;42,0
456002;Emlichheim;2012;42,1
456002;Emlichheim;2013;42,2
456002;Emlichheim;2014;42,4
456002;Emlichheim;2015;42,4
456002;Emlichheim;2016;42,7
456002;Emlichheim;2017;43,2
456002;Emlichheim;2018;43,3
456002;Emlichheim;2019;43,3
456002;Emlichheim;2020;43,5
456002;Emlichheim;2021;43,6
456002;Emlichheim;2022;43,5
456002;Emlichheim;2023;43,6
456002;Emlichheim;2024;43,7
456002;Emlichheim;2025;44,0
456009;Hoogstede;1970;31,1
456009;Hoogstede;1975;32,3
456009;Hoogstede;1980;33,8
456009;Hoogstede;1985;34,5
456009;Hoogstede;1990;35,0
456009;Hoogstede;1995;36,0
456009;Hoogstede;2000;37,3
456009;Hoogstede;2005;39,0
456009;Hoogstede;2010;40,7
456009;Hoogstede;2011;40,9
456009;Hoogstede;2012;41,7
456009;Hoogstede;2013;41,8
456009;Hoogstede;2014;41,9
456009;Hoogstede;2015;42,4
456009;Hoogstede;2016;42,8
456009;Hoogstede;2017;42,8
456009;Hoogstede;2018;43,1
456009;Hoogstede;2019;43,2
456009;Hoogstede;2020;43,5
456009;Hoogstede;2021;43,9
456009;Hoogstede;2022;44,5
456009;Hoogstede;2023;44,5
456009;Hoogstede;2024;44,9
456009;Hoogstede;2025;45,3
456012;Laar;1970;32,8
456012;Laar;1975;33,5
456012;Laar;1980;33,5
456012;Laar;1985;34,3
456012;Laar;1990;35,3
456012;Laar;1995;36,5
456012;Laar;2000;38,0
456012;Laar;2005;38,0
456012;Laar;2010;40,0
456012;Laar;2011;40,1
456012;Laar;2012;40,5
456012;Laar;2013;40,9
456012;Laar;2014;40,6
456012;Laar;2015;41,2
456012;Laar;2016;41,7
456012;Laar;2017;42,0
456012;Laar;2018;42,4
456012;Laar;2019;42,8
456012;Laar;2020;43,0
456012;Laar;2021;43,2
456012;Laar;2022;43,1
456012;Laar;2023;43,8
456012;Laar;2024;44,1
456012;Laar;2025;44,0
456019;Ringe;1970;32,4
456019;Ringe;1975;33,6
456019;Ringe;1980;35,2
456019;Ringe;1985;36,9
456019;Ringe;1990;36,2
456019;Ringe;1995;36,8
456019;Ringe;2000;37,3
456019;Ringe;2005;38,2
456019;Ringe;2010;40,1
456019;Ringe;2011;39,9
456019;Ringe;2012;40,2
456019;Ringe;2013;40,4
456019;Ringe;2014;41,1
456019;Ringe;2015;41,1
456019;Ringe;2016;41,4
456019;Ringe;2017;41,9
456019;Ringe;2018;42,3
456019;Ringe;2019;42,7
456019;Ringe;2020;42,9
456019;Ringe;2021;43,4
456019;Ringe;2022;43,7
456019;Ringe;2023;44,1
456019;Ringe;2024;44,7
456019;Ringe;2025;44,6
456004;Esche;1970;31,9
456004;Esche;1975;33,5
456004;Esche;1980;34,3
456004;Esche;1985;34,7
456004;Esche;1990;35,2
456004;Esche;1995;37,1
456004;Esche;2000;37,8
456004;Esche;2005;39,0
456004;Esche;2010;41,1
456004;Esche;2011;40,7
456004;Esche;2012;41,4
456004;Esche;2013;41,2
456004;Esche;2014;41,0
456004;Esche;2015;42,0
456004;Esche;2016;42,6
456004;Esche;2017;42,5
456004;Esche;2018;42,1
456004;Esche;2019;42,2
456004;Esche;2020;43,1
456004;Esche;2021;42,7
456004;Esche;2022;41,8
456004;Esche;2023;41,8
456004;Esche;2024;41,6
456004;Esche;2025;41,5
456005;Georgsdorf;1970;30,2
456005;Georgsdorf;1975;30,1
456005;Georgsdorf;1980;31,0
456005;Georgsdorf;1985;32,4
456005;Georgsdorf;1990;33,1
456005;Georgsdorf;1995;34,9
456005;Georgsdorf;2000;35,5
456005;Georgsdorf;2005;36,5
456005;Georgsdorf;2010;39,3
456005;Georgsdorf;2011;39,6
456005;Georgsdorf;2012;40,5
456005;Georgsdorf;2013;41,1
456005;Georgsdorf;2014;41,3
456005;Georgsdorf;2015;42,1
456005;Georgsdorf;2016;42,5
456005;Georgsdorf;2017;43,1
456005;Georgsdorf;2018;43,4
456005;Georgsdorf;2019;44,0
456005;Georgsdorf;2020;44,6
456005;Georgsdorf;2021;44,7
456005;Georgsdorf;2022;44,4
456005;Georgsdorf;2023;45,3
456005;Georgsdorf;2024;45,6
456005;Georgsdorf;2025;45,2
456013;Lage;1970;31,6
456013;Lage;1975;31,0
456013;Lage;1980;32,6
456013;Lage;1985;33,7
456013;Lage;1990;34,9
456013;Lage;1995;36,2
456013;Lage;2000;37,7
456013;Lage;2005;38,8
456013;Lage;2010;39,5
456013;Lage;2011;40,2
456013;Lage;2012;41,1
456013;Lage;2013;41,5
456013;Lage;2014;41,9
456013;Lage;2015;42,0
456013;Lage;2016;42,1
456013;Lage;2017;42,3
456013;Lage;2018;42,8
456013;Lage;2019;43,5
456013;Lage;2020;44,5
456013;Lage;2021;45,3
456013;Lage;2022;44,7
456013;Lage;2023;44,8
456013;Lage;2024;45,1
456013;Lage;2025;45,5
456014;Neuenhaus;1970;33,1
456014;Neuenhaus;1975;34,5
456014;Neuenhaus;1980;36,1
456014;Neuenhaus;1985;37,2
456014;Neuenhaus;1990;38,2
456014;Neuenhaus;1995;38,4
456014;Neuenhaus;2000;38,8
456014;Neuenhaus;2005;40,1
456014;Neuenhaus;2010;42,1
456014;Neuenhaus;2011;42,6
456014;Neuenhaus;2012;42,9
456014;Neuenhaus;2013;43,2
456014;Neuenhaus;2014;43,4
456014;Neuenhaus;2015;43,4
456014;Neuenhaus;2016;43,8
456014;Neuenhaus;2017;44,1
456014;Neuenhaus;2018;44,2
456014;Neuenhaus;2019;44,3
456014;Neuenhaus;2020;44,1
456014;Neuenhaus;2021;44,0
456014;Neuenhaus;2022;43,8
456014;Neuenhaus;2023;43,7
456014;Neuenhaus;2024;43,8
456014;Neuenhaus;2025;44,1
456017;Osterwald;1970;32,2
456017;Osterwald;1975;33,6
456017;Osterwald;1980;34,8
456017;Osterwald;1985;35,3
456017;Osterwald;1990;36,4
456017;Osterwald;1995;37,0
456017;Osterwald;2000;37,8
456017;Osterwald;2005;39,3
456017;Osterwald;2010;40,2
456017;Osterwald;2011;40,5
456017;Osterwald;2012;40,5
456017;Osterwald;2013;40,7
456017;Osterwald;2014;40,9
456017;Osterwald;2015;41,4
456017;Osterwald;2016;41,4
456017;Osterwald;2017;41,0
456017;Osterwald;2018;41,2
456017;Osterwald;2019;41,3
456017;Osterwald;2020;41,6
456017;Osterwald;2021;41,7
456017;Osterwald;2022;41,0
456017;Osterwald;2023;41,7
456017;Osterwald;2024;42,3
456017;Osterwald;2025;43,2
456003;Engden;1970;31,3
456003;Engden;1975;33,0
456003;Engden;1980;33,9
456003;Engden;1985;36,2
456003;Engden;1990;37,1
456003;Engden;1995;37,2
456003;Engden;2000;38,2
456003;Engden;2005;40,0
456003;Engden;2010;41,4
456003;Engden;2011;41,8
456003;Engden;2012;42,4
456003;Engden;2013;42,6
456003;Engden;2014;43,7
456003;Engden;2015;44,1
456003;Engden;2016;45,1
456003;Engden;2017;44,8
456003;Engden;2018;43,8
456003;Engden;2019;44,3
456003;Engden;2020;44,7
456003;Engden;2021;44,9
456003;Engden;2022;44,5
456003;Engden;2023;44,2
456003;Engden;2024;44,1
456003;Engden;2025;44,3
456010;Isterberg;1970;31,9
456010;Isterberg;1975;34,3
456010;Isterberg;1980;36,1
456010;Isterberg;1985;36,9
456010;Isterberg;1990;37,9
456010;Isterberg;1995;39,5
456010;Isterberg;2000;39,7
456010;Isterberg;2005;41,2
456010;Isterberg;2010;42,2
456010;Isterberg;2011;42,9
456010;Isterberg;2012;43,1
456010;Isterberg;2013;43,4
456010;Isterberg;2014;43,8
456010;Isterberg;2015;44,3
456010;Isterberg;2016;43,9
456010;Isterberg;2017;43,5
456010;Isterberg;2018;43,8
456010;Isterberg;2019;44,1
456010;Isterberg;2020;44,1
456010;Isterberg;2021;44,4
456010;Isterberg;2022;44,6
456010;Isterberg;2023;44,3
456010;Isterberg;2024;44,2
456010;Isterberg;2025;44,7
456016;Ohne;1970;32,2
456016;Ohne;1975;33,5
456016;Ohne;1980;33,7
456016;Ohne;1985;35,6
456016;Ohne;1990;36,5
456016;Ohne;1995;38,0
456016;Ohne;2000;39,4
456016;Ohne;2005;39,5
456016;Ohne;2010;41,6
456016;Ohne;2011;41,0
456016;Ohne;2012;41,8
456016;Ohne;2013;42,3
456016;Ohne;2014;43,3
456016;Ohne;2015;42,9
456016;Ohne;2016;42,9
456016;Ohne;2017;42,1
456016;Ohne;2018;42,6
456016;Ohne;2019;43,4
456016;Ohne;2020;43,6
456016;Ohne;2021;44,0
456016;Ohne;2022;42,9
456016;Ohne;2023;42,7
456016;Ohne;2024;43,1
456016;Ohne;2025;43,2
456018;Quendorf;1970;32,8
456018;Quendorf;1975;34,1
456018;Quendorf;1980;35,3
456018;Quendorf;1985;36,4
456018;Quendorf;1990;37,2
456018;Quendorf;1995;39,2
456018;Quendorf;2000;41,3
456018;Quendorf;2005;42,1
456018;Quendorf;2010;42,5
456018;Quendorf;2011;41,4
456018;Quendorf;2012;41,7
456018;Quendorf;2013;41,6
456018;Quendorf;2014;42,0
456018;Quendorf;2015;42,0
456018;Quendorf;2016;41,7
456018;Quendorf;2017;41,0
456018;Quendorf;2018;40,0
456018;Quendorf;2019;40,0
456018;Quendorf;2020;39,6
456018;Quendorf;2021;40,0
456018;Quendorf;2022;40,2
456018;Quendorf;2023;40,6
456018;Quendorf;2024;41,0
456018;Quendorf;2025;41,9
456020;Samern;1970;32,6
456020;Samern;1975;33,8
456020;Samern;1980;33,8
456020;Samern;1985;34,5
456020;Samern;1990;36,9
456020;Samern;1995;38,1
456020;Samern;2000;40,1
456020;Samern;2005;41,2
456020;Samern;2010;42,8
456020;Samern;2011;42,0
456020;Samern;2012;42,0
456020;Samern;2013;41,5
456020;Samern;2014;41,5
456020;Samern;2015;42,5
456020;Samern;2016;42,9
456020;Samern;2017;42,9
456020;Samern;2018;43,2
456020;Samern;2019;43,2
456020;Samern;2020;43,2
456020;Samern;2021;43,2
456020;Samern;2022;43,0
456020;Samern;2023;43,3
456020;Samern;2024;43,6
456020;Samern;2025;43,9
456027;Schüttorf;1970;33,7
456027;Schüttorf;1975;35,0
456027;Schüttorf;1980;35,7
456027;Schüttorf;1985;36,9
456027;Schüttorf;1990;37,9
456027;Schüttorf;1995;37,4
456027;Schüttorf;2000;38,0
456027;Schüttorf;2005;39,7
456027;Schüttorf;2010;41,3
456027;Schüttorf;2011;41,9
456027;Schüttorf;2012;42,4
456027;Schüttorf;2013;42,6
456027;Schüttorf;2014;42,6
456027;Schüttorf;2015;42,7
456027;Schüttorf;2016;42,8
456027;Schüttorf;2017;43,1
456027;Schüttorf;2018;43,0
456027;Schüttorf;2019;43,2
456027;Schüttorf;2020;43,3
456027;Schüttorf;2021;43,5
456027;Schüttorf;2022;43,4
456027;Schüttorf;2023;43,3
456027;Schüttorf;2024;43,6
456027;Schüttorf;2025;44,0
456006;Getelo;1970;32,0
456006;Getelo;1975;32,4
456006;Getelo;1980;33,2
456006;Getelo;1985;35,3
456006;Getelo;1990;35,4
456006;Getelo;1995;36,6
456006;Getelo;2000;38,6
456006;Getelo;2005;41,3
456006;Getelo;2010;43,1
456006;Getelo;2011;42,5
456006;Getelo;2012;43,8
456006;Getelo;2013;43,2
456006;Getelo;2014;42,9
456006;Getelo;2015;42,4
456006;Getelo;2016;43,5
456006;Getelo;2017;45,2
456006;Getelo;2018;45,6
456006;Getelo;2019;46,5
456006;Getelo;2020;46,9
456006;Getelo;2021;46,2
456006;Getelo;2022;45,5
456006;Getelo;2023;46,6
456006;Getelo;2024;46,4
456006;Getelo;2025;46,8
456007;Gölenkamp;1970;31,9
456007;Gölenkamp;1975;32,4
456007;Gölenkamp;1980;33,6
456007;Gölenkamp;1985;34,3
456007;Gölenkamp;1990;35,9
456007;Gölenkamp;1995;36,9
456007;Gölenkamp;2000;39,2
456007;Gölenkamp;2005;41,5
456007;Gölenkamp;2010;43,3
456007;Gölenkamp;2011;43,6
456007;Gölenkamp;2012;44,5
456007;Gölenkamp;2013;45,2
456007;Gölenkamp;2014;45,6
456007;Gölenkamp;2015;45,9
456007;Gölenkamp;2016;46,2
456007;Gölenkamp;2017;46,7
456007;Gölenkamp;2018;46,8
456007;Gölenkamp;2019;47,4
456007;Gölenkamp;2020;47,4
456007;Gölenkamp;2021;47,1
456007;Gölenkamp;2022;46,4
456007;Gölenkamp;2023;46,1
456007;Gölenkamp;2024;46,6
456007;Gölenkamp;2025;46,9
456008;Halle;1970;33,1
456008;Halle;1975;34,3
456008;Halle;1980;35,2
456008;Halle;1985;35,8
456008;Halle;1990;36,1
456008;Halle;1995;36,9
456008;Halle;2000;39,0
456008;Halle;2005;40,5
456008;Halle;2010;41,1
456008;Halle;2011;41,0
456008;Halle;2012;41,3
456008;Halle;2013;41,3
456008;Halle;2014;41,8
456008;Halle;2015;42,5
456008;Halle;2016;42,4
456008;Halle;2017;42,2
456008;Halle;2018;42,8
456008;Halle;2019;43,0
456008;Halle;2020;42,7
456008;Halle;2021;42,6
456008;Halle;2022;43,4
456008;Halle;2023;44,2
456008;Halle;2024;45,2
456008;Halle;2025;45,5
456011;Itterbeck;1970;30,8
456011;Itterbeck;1975;31,1
456011;Itterbeck;1980;31,7
456011;Itterbeck;1985;32,9
456011;Itterbeck;1990;33,7
456011;Itterbeck;1995;35,1
456011;Itterbeck;2000;36,8
456011;Itterbeck;2005;38,3
456011;Itterbeck;2010;40,4
456011;Itterbeck;2011;40,3
456011;Itterbeck;2012;40,8
456011;Itterbeck;2013;41,2
456011;Itterbeck;2014;41,7
456011;Itterbeck;2015;41,9
456011;Itterbeck;2016;42,1
456011;Itterbeck;2017;42,3
456011;Itterbeck;2018;43,0
456011;Itterbeck;2019;43,7
456011;Itterbeck;2020;44,1
456011;Itterbeck;2021;44,3
456011;Itterbeck;2022;44,7
456011;Itterbeck;2023;45,6
456011;Itterbeck;2024;46,0
456011;Itterbeck;2025;45,9
456023;Uelsen;1970;32,3
456023;Uelsen;1975;32,9
456023;Uelsen;1980;34,3
456023;Uelsen;1985;35,7
456023;Uelsen;1990;37,2
456023;Uelsen;1995;37,4
456023;Uelsen;2000;38,4
456023;Uelsen;2005;39,5
456023;Uelsen;2010;41,5
456023;Uelsen;2011;42,1
456023;Uelsen;2012;42,7
456023;Uelsen;2013;43,0
456023;Uelsen;2014;43,4
456023;Uelsen;2015;43,3
456023;Uelsen;2016;43,8
456023;Uelsen;2017;44,1
456023;Uelsen;2018;44,3
456023;Uelsen;2019;44,6
456023;Uelsen;2020;44,8
456023;Uelsen;2021;45,0
456023;Uelsen;2022;45,2
456023;Uelsen;2023;45,5
456023;Uelsen;2024;46,0
456023;Uelsen;2025;46,2
456024;Wielen;1970;31,3
456024;Wielen;1975;31,4
456024;Wielen;1980;33,7
456024;Wielen;1985;35,3
456024;Wielen;1990;37,7
456024;Wielen;1995;38,2
456024;Wielen;2000;38,4
456024;Wielen;2005;42,1
456024;Wielen;2010;45,2
456024;Wielen;2011;42,3
456024;Wielen;2012;43,7
456024;Wielen;2013;44,4
456024;Wielen;2014;45,0
456024;Wielen;2015;44,9
456024;Wielen;2016;45,2
456024;Wielen;2017;45,9
456024;Wielen;2018;45,6
456024;Wielen;2019;46,4
456024;Wielen;2020;47,6
456024;Wielen;2021;47,8
456024;Wielen;2022;47,5
456024;Wielen;2023;47,8
456024;Wielen;2024;48,0
456024;Wielen;2025;47,5
456026;Wilsum;1970;32,2
456026;Wilsum;1975;32,9
456026;Wilsum;1980;33,8
456026;Wilsum;1985;34,9
456026;Wilsum;1990;36,7
456026;Wilsum;1995;38,8
456026;Wilsum;2000;39,0
456026;Wilsum;2005;40,1
456026;Wilsum;2010;41,7
456026;Wilsum;2011;42,1
456026;Wilsum;2012;42,3
456026;Wilsum;2013;42,9
456026;Wilsum;2014;43,6
456026;Wilsum;2015;43,6
456026;Wilsum;2016;44,0
456026;Wilsum;2017;44,8
456026;Wilsum;2018;44,8
456026;Wilsum;2019;44,9
456026;Wilsum;2020;45,0
456026;Wilsum;2021;44,6
456026;Wilsum;2022;44,3
456026;Wilsum;2023;44,6
456026;Wilsum;2024;45,0
456026;Wilsum;2025;45,7
